날짜,호선,구분,미세먼지,초미세먼지,합 계
2019-01-01,1호선,승차,44.0,28.0,153785
2019-01-01,1호선,하차,44.0,28.0,139548
2019-01-01,2호선,승차,44.0,28.0,686073
2019-01-01,2호선,하차,44.0,28.0,677271
2019-01-01,3호선,승차,44.0,28.0,244253
2019-01-01,3호선,하차,44.0,28.0,242213
2019-01-01,4호선,승차,44.0,28.0,278431
2019-01-01,4호선,하차,44.0,28.0,284902
2019-01-01,5호선,승차,44.0,28.0,251687
2019-01-01,5호선,하차,44.0,28.0,253814
2019-01-01,6호선,승차,44.0,28.0,169139
2019-01-01,6호선,하차,44.0,28.0,161675
2019-01-01,7호선,승차,44.0,28.0,300697
2019-01-01,7호선,하차,44.0,28.0,294504
2019-01-01,8호선,승차,44.0,28.0,85809
2019-01-01,8호선,하차,44.0,28.0,88549
2019-01-02,1호선,승차,37.0,21.0,285182
2019-01-02,1호선,하차,37.0,21.0,278398
2019-01-02,2호선,승차,37.0,21.0,1625177
2019-01-02,2호선,하차,37.0,21.0,1645943
2019-01-02,3호선,승차,37.0,21.0,587401
2019-01-02,3호선,하차,37.0,21.0,584334
2019-01-02,4호선,승차,37.0,21.0,586497
2019-01-02,4호선,하차,37.0,21.0,594445
2019-01-02,5호선,승차,37.0,21.0,655658
2019-01-02,5호선,하차,37.0,21.0,650039
2019-01-02,6호선,승차,37.0,21.0,360939
2019-01-02,6호선,하차,37.0,21.0,355598
2019-01-02,7호선,승차,37.0,21.0,765160
2019-01-02,7호선,하차,37.0,21.0,755183
2019-01-02,8호선,승차,37.0,21.0,201595
2019-01-02,8호선,하차,37.0,21.0,203425
2019-01-03,1호선,승차,51.0,29.0,297440
2019-01-03,1호선,하차,51.0,29.0,291142
2019-01-03,2호선,승차,51.0,29.0,1693450
2019-01-03,2호선,하차,51.0,29.0,1714307
2019-01-03,3호선,승차,51.0,29.0,611847
2019-01-03,3호선,하차,51.0,29.0,608748
2019-01-03,4호선,승차,51.0,29.0,610649
2019-01-03,4호선,하차,51.0,29.0,617621
2019-01-03,5호선,승차,51.0,29.0,675414
2019-01-03,5호선,하차,51.0,29.0,668054
2019-01-03,6호선,승차,51.0,29.0,376296
2019-01-03,6호선,하차,51.0,29.0,371211
2019-01-03,7호선,승차,51.0,29.0,783880
2019-01-03,7호선,하차,51.0,29.0,773800
2019-01-03,8호선,승차,51.0,29.0,206854
2019-01-03,8호선,하차,51.0,29.0,207709
2019-01-04,1호선,승차,63.0,40.0,318191
2019-01-04,1호선,하차,63.0,40.0,311395
2019-01-04,2호선,승차,63.0,40.0,1772280
2019-01-04,2호선,하차,63.0,40.0,1809030
2019-01-04,3호선,승차,63.0,40.0,645688
2019-01-04,3호선,하차,63.0,40.0,643095
2019-01-04,4호선,승차,63.0,40.0,634403
2019-01-04,4호선,하차,63.0,40.0,643793
2019-01-04,5호선,승차,63.0,40.0,695419
2019-01-04,5호선,하차,63.0,40.0,686226
2019-01-04,6호선,승차,63.0,40.0,392264
2019-01-04,6호선,하차,63.0,40.0,387325
2019-01-04,7호선,승차,63.0,40.0,808029
2019-01-04,7호선,하차,63.0,40.0,796050
2019-01-04,8호선,승차,63.0,40.0,219293
2019-01-04,8호선,하차,63.0,40.0,219452
2019-01-05,1호선,승차,69.0,41.0,253469
2019-01-05,1호선,하차,69.0,41.0,251582
2019-01-05,2호선,승차,69.0,41.0,1268005
2019-01-05,2호선,하차,69.0,41.0,1289562
2019-01-05,3호선,승차,69.0,41.0,470703
2019-01-05,3호선,하차,69.0,41.0,469197
2019-01-05,4호선,승차,69.0,41.0,487225
2019-01-05,4호선,하차,69.0,41.0,493274
2019-01-05,5호선,승차,69.0,41.0,458490
2019-01-05,5호선,하차,69.0,41.0,451186
2019-01-05,6호선,승차,69.0,41.0,284434
2019-01-05,6호선,하차,69.0,41.0,280555
2019-01-05,7호선,승차,69.0,41.0,550047
2019-01-05,7호선,하차,69.0,41.0,534599
2019-01-05,8호선,승차,69.0,41.0,149024
2019-01-05,8호선,하차,69.0,41.0,148612
2019-01-06,1호선,승차,58.0,25.0,176668
2019-01-06,1호선,하차,58.0,25.0,169072
2019-01-06,2호선,승차,58.0,25.0,889645
2019-01-06,2호선,하차,58.0,25.0,887520
2019-01-06,3호선,승차,58.0,25.0,326579
2019-01-06,3호선,하차,58.0,25.0,330429
2019-01-06,4호선,승차,58.0,25.0,350741
2019-01-06,4호선,하차,58.0,25.0,355062
2019-01-06,5호선,승차,58.0,25.0,323499
2019-01-06,5호선,하차,58.0,25.0,320610
2019-01-06,6호선,승차,58.0,25.0,209078
2019-01-06,6호선,하차,58.0,25.0,203482
2019-01-06,7호선,승차,58.0,25.0,392571
2019-01-06,7호선,하차,58.0,25.0,383720
2019-01-06,8호선,승차,58.0,25.0,108906
2019-01-06,8호선,하차,58.0,25.0,110515
2019-01-07,1호선,승차,57.0,35.0,296040
2019-01-07,1호선,하차,57.0,35.0,291227
2019-01-07,2호선,승차,57.0,35.0,1669449
2019-01-07,2호선,하차,57.0,35.0,1689490
2019-01-07,3호선,승차,57.0,35.0,604019
2019-01-07,3호선,하차,57.0,35.0,604089
2019-01-07,4호선,승차,57.0,35.0,595566
2019-01-07,4호선,하차,57.0,35.0,600765
2019-01-07,5호선,승차,57.0,35.0,670240
2019-01-07,5호선,하차,57.0,35.0,664455
2019-01-07,6호선,승차,57.0,35.0,369626
2019-01-07,6호선,하차,57.0,35.0,361683
2019-01-07,7호선,승차,57.0,35.0,787585
2019-01-07,7호선,하차,57.0,35.0,776103
2019-01-07,8호선,승차,57.0,35.0,206819
2019-01-07,8호선,하차,57.0,35.0,207506
2019-01-08,1호선,승차,47.0,19.0,301108
2019-01-08,1호선,하차,47.0,19.0,295291
2019-01-08,2호선,승차,47.0,19.0,1695186
2019-01-08,2호선,하차,47.0,19.0,1708874
2019-01-08,3호선,승차,47.0,19.0,615630
2019-01-08,3호선,하차,47.0,19.0,612827
2019-01-08,4호선,승차,47.0,19.0,610393
2019-01-08,4호선,하차,47.0,19.0,615184
2019-01-08,5호선,승차,47.0,19.0,681124
2019-01-08,5호선,하차,47.0,19.0,674331
2019-01-08,6호선,승차,47.0,19.0,376679
2019-01-08,6호선,하차,47.0,19.0,370132
2019-01-08,7호선,승차,47.0,19.0,788487
2019-01-08,7호선,하차,47.0,19.0,780578
2019-01-08,8호선,승차,47.0,19.0,209867
2019-01-08,8호선,하차,47.0,19.0,210722
2019-01-09,1호선,승차,59.0,21.0,288587
2019-01-09,1호선,하차,59.0,21.0,280989
2019-01-09,2호선,승차,59.0,21.0,1678758
2019-01-09,2호선,하차,59.0,21.0,1696265
2019-01-09,3호선,승차,59.0,21.0,608024
2019-01-09,3호선,하차,59.0,21.0,607018
2019-01-09,4호선,승차,59.0,21.0,596590
2019-01-09,4호선,하차,59.0,21.0,602329
2019-01-09,5호선,승차,59.0,21.0,672513
2019-01-09,5호선,하차,59.0,21.0,665426
2019-01-09,6호선,승차,59.0,21.0,371382
2019-01-09,6호선,하차,59.0,21.0,365268
2019-01-09,7호선,승차,59.0,21.0,784039
2019-01-09,7호선,하차,59.0,21.0,775564
2019-01-09,8호선,승차,59.0,21.0,209431
2019-01-09,8호선,하차,59.0,21.0,209268
2019-01-10,1호선,승차,68.0,35.0,302561
2019-01-10,1호선,하차,68.0,35.0,297577
2019-01-10,2호선,승차,68.0,35.0,1715601
2019-01-10,2호선,하차,68.0,35.0,1736096
2019-01-10,3호선,승차,68.0,35.0,619609
2019-01-10,3호선,하차,68.0,35.0,619053
2019-01-10,4호선,승차,68.0,35.0,610944
2019-01-10,4호선,하차,68.0,35.0,616991
2019-01-10,5호선,승차,68.0,35.0,683076
2019-01-10,5호선,하차,68.0,35.0,675339
2019-01-10,6호선,승차,68.0,35.0,378526
2019-01-10,6호선,하차,68.0,35.0,372329
2019-01-10,7호선,승차,68.0,35.0,792698
2019-01-10,7호선,하차,68.0,35.0,783452
2019-01-10,8호선,승차,68.0,35.0,210319
2019-01-10,8호선,하차,68.0,35.0,211488
2019-01-11,1호선,승차,80.0,56.0,322473
2019-01-11,1호선,하차,80.0,56.0,316679
2019-01-11,2호선,승차,80.0,56.0,1790199
2019-01-11,2호선,하차,80.0,56.0,1828948
2019-01-11,3호선,승차,80.0,56.0,654627
2019-01-11,3호선,하차,80.0,56.0,652651
2019-01-11,4호선,승차,80.0,56.0,636034
2019-01-11,4호선,하차,80.0,56.0,647197
2019-01-11,5호선,승차,80.0,56.0,697808
2019-01-11,5호선,하차,80.0,56.0,688233
2019-01-11,6호선,승차,80.0,56.0,393827
2019-01-11,6호선,하차,80.0,56.0,389940
2019-01-11,7호선,승차,80.0,56.0,813908
2019-01-11,7호선,하차,80.0,56.0,801126
2019-01-11,8호선,승차,80.0,56.0,217694
2019-01-11,8호선,하차,80.0,56.0,216739
2019-01-12,1호선,승차,90.0,62.0,269124
2019-01-12,1호선,하차,90.0,62.0,269346
2019-01-12,2호선,승차,90.0,62.0,1312006
2019-01-12,2호선,하차,90.0,62.0,1336800
2019-01-12,3호선,승차,90.0,62.0,497088
2019-01-12,3호선,하차,90.0,62.0,497794
2019-01-12,4호선,승차,90.0,62.0,505977
2019-01-12,4호선,하차,90.0,62.0,516771
2019-01-12,5호선,승차,90.0,62.0,467518
2019-01-12,5호선,하차,90.0,62.0,456180
2019-01-12,6호선,승차,90.0,62.0,295446
2019-01-12,6호선,하차,90.0,62.0,290607
2019-01-12,7호선,승차,90.0,62.0,567386
2019-01-12,7호선,하차,90.0,62.0,549563
2019-01-12,8호선,승차,90.0,62.0,150698
2019-01-12,8호선,하차,90.0,62.0,150990
2019-01-13,1호선,승차,105.0,72.0,178394
2019-01-13,1호선,하차,105.0,72.0,171181
2019-01-13,2호선,승차,105.0,72.0,917858
2019-01-13,2호선,하차,105.0,72.0,917664
2019-01-13,3호선,승차,105.0,72.0,334431
2019-01-13,3호선,하차,105.0,72.0,338228
2019-01-13,4호선,승차,105.0,72.0,358612
2019-01-13,4호선,하차,105.0,72.0,365294
2019-01-13,5호선,승차,105.0,72.0,321668
2019-01-13,5호선,하차,105.0,72.0,321332
2019-01-13,6호선,승차,105.0,72.0,210892
2019-01-13,6호선,하차,105.0,72.0,204425
2019-01-13,7호선,승차,105.0,72.0,403511
2019-01-13,7호선,하차,105.0,72.0,391634
2019-01-13,8호선,승차,105.0,72.0,109291
2019-01-13,8호선,하차,105.0,72.0,111182
2019-01-14,1호선,승차,157.0,124.0,288189
2019-01-14,1호선,하차,157.0,124.0,283434
2019-01-14,2호선,승차,157.0,124.0,1635711
2019-01-14,2호선,하차,157.0,124.0,1656227
2019-01-14,3호선,승차,157.0,124.0,595885
2019-01-14,3호선,하차,157.0,124.0,594628
2019-01-14,4호선,승차,157.0,124.0,582028
2019-01-14,4호선,하차,157.0,124.0,586761
2019-01-14,5호선,승차,157.0,124.0,659249
2019-01-14,5호선,하차,157.0,124.0,653694
2019-01-14,6호선,승차,157.0,124.0,362148
2019-01-14,6호선,하차,157.0,124.0,355205
2019-01-14,7호선,승차,157.0,124.0,775414
2019-01-14,7호선,하차,157.0,124.0,763956
2019-01-14,8호선,승차,157.0,124.0,206553
2019-01-14,8호선,하차,157.0,124.0,206225
2019-01-15,1호선,승차,133.0,88.0,295540
2019-01-15,1호선,하차,133.0,88.0,290692
2019-01-15,2호선,승차,133.0,88.0,1682799
2019-01-15,2호선,하차,133.0,88.0,1698902
2019-01-15,3호선,승차,133.0,88.0,607308
2019-01-15,3호선,하차,133.0,88.0,603669
2019-01-15,4호선,승차,133.0,88.0,599265
2019-01-15,4호선,하차,133.0,88.0,604706
2019-01-15,5호선,승차,133.0,88.0,674391
2019-01-15,5호선,하차,133.0,88.0,666681
2019-01-15,6호선,승차,133.0,88.0,372915
2019-01-15,6호선,하차,133.0,88.0,366967
2019-01-15,7호선,승차,133.0,88.0,783628
2019-01-15,7호선,하차,133.0,88.0,775781
2019-01-15,8호선,승차,133.0,88.0,206928
2019-01-15,8호선,하차,133.0,88.0,207415
2019-01-16,1호선,승차,55.0,18.0,297394
2019-01-16,1호선,하차,55.0,18.0,291034
2019-01-16,2호선,승차,55.0,18.0,1702874
2019-01-16,2호선,하차,55.0,18.0,1721369
2019-01-16,3호선,승차,55.0,18.0,613296
2019-01-16,3호선,하차,55.0,18.0,610870
2019-01-16,4호선,승차,55.0,18.0,603382
2019-01-16,4호선,하차,55.0,18.0,610421
2019-01-16,5호선,승차,55.0,18.0,678355
2019-01-16,5호선,하차,55.0,18.0,671454
2019-01-16,6호선,승차,55.0,18.0,377325
2019-01-16,6호선,하차,55.0,18.0,370309
2019-01-16,7호선,승차,55.0,18.0,784540
2019-01-16,7호선,하차,55.0,18.0,776371
2019-01-16,8호선,승차,55.0,18.0,208625
2019-01-16,8호선,하차,55.0,18.0,209083
2019-01-17,1호선,승차,48.0,23.0,308511
2019-01-17,1호선,하차,48.0,23.0,302246
2019-01-17,2호선,승차,48.0,23.0,1724002
2019-01-17,2호선,하차,48.0,23.0,1747000
2019-01-17,3호선,승차,48.0,23.0,633336
2019-01-17,3호선,하차,48.0,23.0,633589
2019-01-17,4호선,승차,48.0,23.0,614783
2019-01-17,4호선,하차,48.0,23.0,621874
2019-01-17,5호선,승차,48.0,23.0,688406
2019-01-17,5호선,하차,48.0,23.0,680994
2019-01-17,6호선,승차,48.0,23.0,383542
2019-01-17,6호선,하차,48.0,23.0,377163
2019-01-17,7호선,승차,48.0,23.0,794112
2019-01-17,7호선,하차,48.0,23.0,784638
2019-01-17,8호선,승차,48.0,23.0,210992
2019-01-17,8호선,하차,48.0,23.0,211765
2019-01-18,1호선,승차,60.0,36.0,325227
2019-01-18,1호선,하차,60.0,36.0,320632
2019-01-18,2호선,승차,60.0,36.0,1787733
2019-01-18,2호선,하차,60.0,36.0,1826178
2019-01-18,3호선,승차,60.0,36.0,663450
2019-01-18,3호선,하차,60.0,36.0,661241
2019-01-18,4호선,승차,60.0,36.0,637150
2019-01-18,4호선,하차,60.0,36.0,647277
2019-01-18,5호선,승차,60.0,36.0,699325
2019-01-18,5호선,하차,60.0,36.0,690518
2019-01-18,6호선,승차,60.0,36.0,397229
2019-01-18,6호선,하차,60.0,36.0,392123
2019-01-18,7호선,승차,60.0,36.0,813331
2019-01-18,7호선,하차,60.0,36.0,799855
2019-01-18,8호선,승차,60.0,36.0,216776
2019-01-18,8호선,하차,60.0,36.0,216200
2019-01-19,1호선,승차,98.0,69.0,265449
2019-01-19,1호선,하차,98.0,69.0,264994
2019-01-19,2호선,승차,98.0,69.0,1297441
2019-01-19,2호선,하차,98.0,69.0,1319933
2019-01-19,3호선,승차,98.0,69.0,498463
2019-01-19,3호선,하차,98.0,69.0,499094
2019-01-19,4호선,승차,98.0,69.0,495376
2019-01-19,4호선,하차,98.0,69.0,505922
2019-01-19,5호선,승차,98.0,69.0,469817
2019-01-19,5호선,하차,98.0,69.0,459945
2019-01-19,6호선,승차,98.0,69.0,292270
2019-01-19,6호선,하차,98.0,69.0,287812
2019-01-19,7호선,승차,98.0,69.0,563161
2019-01-19,7호선,하차,98.0,69.0,545340
2019-01-19,8호선,승차,98.0,69.0,155888
2019-01-19,8호선,하차,98.0,69.0,154343
2019-01-20,1호선,승차,72.0,36.0,182675
2019-01-20,1호선,하차,72.0,36.0,176204
2019-01-20,2호선,승차,72.0,36.0,915249
2019-01-20,2호선,하차,72.0,36.0,911599
2019-01-20,3호선,승차,72.0,36.0,343308
2019-01-20,3호선,하차,72.0,36.0,347822
2019-01-20,4호선,승차,72.0,36.0,361728
2019-01-20,4호선,하차,72.0,36.0,367874
2019-01-20,5호선,승차,72.0,36.0,327199
2019-01-20,5호선,하차,72.0,36.0,324629
2019-01-20,6호선,승차,72.0,36.0,217385
2019-01-20,6호선,하차,72.0,36.0,209841
2019-01-20,7호선,승차,72.0,36.0,409579
2019-01-20,7호선,하차,72.0,36.0,399859
2019-01-20,8호선,승차,72.0,36.0,111188
2019-01-20,8호선,하차,72.0,36.0,113360
2019-01-21,1호선,승차,43.0,20.0,293122
2019-01-21,1호선,하차,43.0,20.0,288484
2019-01-21,2호선,승차,43.0,20.0,1653861
2019-01-21,2호선,하차,43.0,20.0,1674601
2019-01-21,3호선,승차,43.0,20.0,600149
2019-01-21,3호선,하차,43.0,20.0,598511
2019-01-21,4호선,승차,43.0,20.0,588438
2019-01-21,4호선,하차,43.0,20.0,594655
2019-01-21,5호선,승차,43.0,20.0,662920
2019-01-21,5호선,하차,43.0,20.0,657278
2019-01-21,6호선,승차,43.0,20.0,361919
2019-01-21,6호선,하차,43.0,20.0,354732
2019-01-21,7호선,승차,43.0,20.0,775658
2019-01-21,7호선,하차,43.0,20.0,764048
2019-01-21,8호선,승차,43.0,20.0,204239
2019-01-21,8호선,하차,43.0,20.0,204976
2019-01-22,1호선,승차,66.0,32.0,305177
2019-01-22,1호선,하차,66.0,32.0,300483
2019-01-22,2호선,승차,66.0,32.0,1700496
2019-01-22,2호선,하차,66.0,32.0,1717964
2019-01-22,3호선,승차,66.0,32.0,615487
2019-01-22,3호선,하차,66.0,32.0,612716
2019-01-22,4호선,승차,66.0,32.0,607390
2019-01-22,4호선,하차,66.0,32.0,615346
2019-01-22,5호선,승차,66.0,32.0,681570
2019-01-22,5호선,하차,66.0,32.0,674623
2019-01-22,6호선,승차,66.0,32.0,375831
2019-01-22,6호선,하차,66.0,32.0,368513
2019-01-22,7호선,승차,66.0,32.0,790714
2019-01-22,7호선,하차,66.0,32.0,782040
2019-01-22,8호선,승차,66.0,32.0,208230
2019-01-22,8호선,하차,66.0,32.0,209200
2019-01-23,1호선,승차,77.0,45.0,306208
2019-01-23,1호선,하차,77.0,45.0,299961
2019-01-23,2호선,승차,77.0,45.0,1734134
2019-01-23,2호선,하차,77.0,45.0,1754632
2019-01-23,3호선,승차,77.0,45.0,619423
2019-01-23,3호선,하차,77.0,45.0,618332
2019-01-23,4호선,승차,77.0,45.0,615648
2019-01-23,4호선,하차,77.0,45.0,623610
2019-01-23,5호선,승차,77.0,45.0,688237
2019-01-23,5호선,하차,77.0,45.0,681585
2019-01-23,6호선,승차,77.0,45.0,379837
2019-01-23,6호선,하차,77.0,45.0,372477
2019-01-23,7호선,승차,77.0,45.0,797234
2019-01-23,7호선,하차,77.0,45.0,786572
2019-01-23,8호선,승차,77.0,45.0,210857
2019-01-23,8호선,하차,77.0,45.0,210999
2019-01-24,1호선,승차,44.0,20.0,310808
2019-01-24,1호선,하차,44.0,20.0,305286
2019-01-24,2호선,승차,44.0,20.0,1740577
2019-01-24,2호선,하차,44.0,20.0,1761417
2019-01-24,3호선,승차,44.0,20.0,629248
2019-01-24,3호선,하차,44.0,20.0,626899
2019-01-24,4호선,승차,44.0,20.0,617172
2019-01-24,4호선,하차,44.0,20.0,625523
2019-01-24,5호선,승차,44.0,20.0,689242
2019-01-24,5호선,하차,44.0,20.0,681505
2019-01-24,6호선,승차,44.0,20.0,379905
2019-01-24,6호선,하차,44.0,20.0,373499
2019-01-24,7호선,승차,44.0,20.0,794724
2019-01-24,7호선,하차,44.0,20.0,784413
2019-01-24,8호선,승차,44.0,20.0,215327
2019-01-24,8호선,하차,44.0,20.0,215752
2019-01-25,1호선,승차,51.0,19.0,329386
2019-01-25,1호선,하차,51.0,19.0,322700
2019-01-25,2호선,승차,51.0,19.0,1819400
2019-01-25,2호선,하차,51.0,19.0,1851435
2019-01-25,3호선,승차,51.0,19.0,665102
2019-01-25,3호선,하차,51.0,19.0,660144
2019-01-25,4호선,승차,51.0,19.0,643834
2019-01-25,4호선,하차,51.0,19.0,655656
2019-01-25,5호선,승차,51.0,19.0,705227
2019-01-25,5호선,하차,51.0,19.0,695829
2019-01-25,6호선,승차,51.0,19.0,397149
2019-01-25,6호선,하차,51.0,19.0,393910
2019-01-25,7호선,승차,51.0,19.0,819390
2019-01-25,7호선,하차,51.0,19.0,806869
2019-01-25,8호선,승차,51.0,19.0,219445
2019-01-25,8호선,하차,51.0,19.0,218927
2019-01-26,1호선,승차,43.0,16.0,269439
2019-01-26,1호선,하차,43.0,16.0,268403
2019-01-26,2호선,승차,43.0,16.0,1322708
2019-01-26,2호선,하차,43.0,16.0,1345577
2019-01-26,3호선,승차,43.0,16.0,503184
2019-01-26,3호선,하차,43.0,16.0,502398
2019-01-26,4호선,승차,43.0,16.0,508456
2019-01-26,4호선,하차,43.0,16.0,518664
2019-01-26,5호선,승차,43.0,16.0,476881
2019-01-26,5호선,하차,43.0,16.0,467532
2019-01-26,6호선,승차,43.0,16.0,304176
2019-01-26,6호선,하차,43.0,16.0,298368
2019-01-26,7호선,승차,43.0,16.0,569348
2019-01-26,7호선,하차,43.0,16.0,551539
2019-01-26,8호선,승차,43.0,16.0,154071
2019-01-26,8호선,하차,43.0,16.0,154482
2019-01-27,1호선,승차,36.0,17.0,194960
2019-01-27,1호선,하차,36.0,17.0,188327
2019-01-27,2호선,승차,36.0,17.0,941701
2019-01-27,2호선,하차,36.0,17.0,936193
2019-01-27,3호선,승차,36.0,17.0,341788
2019-01-27,3호선,하차,36.0,17.0,349047
2019-01-27,4호선,승차,36.0,17.0,369379
2019-01-27,4호선,하차,36.0,17.0,374482
2019-01-27,5호선,승차,36.0,17.0,344484
2019-01-27,5호선,하차,36.0,17.0,344250
2019-01-27,6호선,승차,36.0,17.0,216567
2019-01-27,6호선,하차,36.0,17.0,209284
2019-01-27,7호선,승차,36.0,17.0,406592
2019-01-27,7호선,하차,36.0,17.0,394827
2019-01-27,8호선,승차,36.0,17.0,111951
2019-01-27,8호선,하차,36.0,17.0,114120
2019-01-28,1호선,승차,86.0,22.0,299276
2019-01-28,1호선,하차,86.0,22.0,295572
2019-01-28,2호선,승차,86.0,22.0,1672177
2019-01-28,2호선,하차,86.0,22.0,1689276
2019-01-28,3호선,승차,86.0,22.0,608557
2019-01-28,3호선,하차,86.0,22.0,609067
2019-01-28,4호선,승차,86.0,22.0,599806
2019-01-28,4호선,하차,86.0,22.0,606993
2019-01-28,5호선,승차,86.0,22.0,672995
2019-01-28,5호선,하차,86.0,22.0,666475
2019-01-28,6호선,승차,86.0,22.0,368651
2019-01-28,6호선,하차,86.0,22.0,360513
2019-01-28,7호선,승차,86.0,22.0,785927
2019-01-28,7호선,하차,86.0,22.0,773663
2019-01-28,8호선,승차,86.0,22.0,207774
2019-01-28,8호선,하차,86.0,22.0,208450
2019-01-29,1호선,승차,74.0,19.0,304291
2019-01-29,1호선,하차,74.0,19.0,299953
2019-01-29,2호선,승차,74.0,19.0,1694347
2019-01-29,2호선,하차,74.0,19.0,1713275
2019-01-29,3호선,승차,74.0,19.0,617009
2019-01-29,3호선,하차,74.0,19.0,616320
2019-01-29,4호선,승차,74.0,19.0,610383
2019-01-29,4호선,하차,74.0,19.0,615758
2019-01-29,5호선,승차,74.0,19.0,680444
2019-01-29,5호선,하차,74.0,19.0,673997
2019-01-29,6호선,승차,74.0,19.0,376717
2019-01-29,6호선,하차,74.0,19.0,368944
2019-01-29,7호선,승차,74.0,19.0,791751
2019-01-29,7호선,하차,74.0,19.0,783136
2019-01-29,8호선,승차,74.0,19.0,214708
2019-01-29,8호선,하차,74.0,19.0,214460
2019-01-30,1호선,승차,67.0,32.0,308760
2019-01-30,1호선,하차,67.0,32.0,304834
2019-01-30,2호선,승차,67.0,32.0,1704435
2019-01-30,2호선,하차,67.0,32.0,1723347
2019-01-30,3호선,승차,67.0,32.0,624210
2019-01-30,3호선,하차,67.0,32.0,624606
2019-01-30,4호선,승차,67.0,32.0,619083
2019-01-30,4호선,하차,67.0,32.0,624998
2019-01-30,5호선,승차,67.0,32.0,691948
2019-01-30,5호선,하차,67.0,32.0,685094
2019-01-30,6호선,승차,67.0,32.0,384366
2019-01-30,6호선,하차,67.0,32.0,375129
2019-01-30,7호선,승차,67.0,32.0,798152
2019-01-30,7호선,하차,67.0,32.0,789233
2019-01-30,8호선,승차,67.0,32.0,211826
2019-01-30,8호선,하차,67.0,32.0,212485
2019-01-31,1호선,승차,80.0,19.0,303822
2019-01-31,1호선,하차,80.0,19.0,301870
2019-01-31,2호선,승차,80.0,19.0,1684317
2019-01-31,2호선,하차,80.0,19.0,1702467
2019-01-31,3호선,승차,80.0,19.0,614668
2019-01-31,3호선,하차,80.0,19.0,617913
2019-01-31,4호선,승차,80.0,19.0,605286
2019-01-31,4호선,하차,80.0,19.0,610744
2019-01-31,5호선,승차,80.0,19.0,680350
2019-01-31,5호선,하차,80.0,19.0,671413
2019-01-31,6호선,승차,80.0,19.0,378335
2019-01-31,6호선,하차,80.0,19.0,370018
2019-01-31,7호선,승차,80.0,19.0,788886
2019-01-31,7호선,하차,80.0,19.0,777553
2019-01-31,8호선,승차,80.0,19.0,210214
2019-01-31,8호선,하차,80.0,19.0,210180
2019-02-01,1호선,승차,37.0,14.0,302660
2019-02-01,1호선,하차,37.0,14.0,307491
2019-02-01,2호선,승차,37.0,14.0,1681245
2019-02-01,2호선,하차,37.0,14.0,1696262
2019-02-01,3호선,승차,37.0,14.0,617003
2019-02-01,3호선,하차,37.0,14.0,632586
2019-02-01,4호선,승차,37.0,14.0,603872
2019-02-01,4호선,하차,37.0,14.0,611071
2019-02-01,5호선,승차,37.0,14.0,677696
2019-02-01,5호선,하차,37.0,14.0,663183
2019-02-01,6호선,승차,37.0,14.0,378491
2019-02-01,6호선,하차,37.0,14.0,368689
2019-02-01,7호선,승차,37.0,14.0,790456
2019-02-01,7호선,하차,37.0,14.0,776466
2019-02-01,8호선,승차,37.0,14.0,210472
2019-02-01,8호선,하차,37.0,14.0,209526
2019-02-02,1호선,승차,57.0,32.0,219615
2019-02-02,1호선,하차,57.0,32.0,231138
2019-02-02,2호선,승차,57.0,32.0,1001976
2019-02-02,2호선,하차,57.0,32.0,997807
2019-02-02,3호선,승차,57.0,32.0,378793
2019-02-02,3호선,하차,57.0,32.0,402611
2019-02-02,4호선,승차,57.0,32.0,412610
2019-02-02,4호선,하차,57.0,32.0,418016
2019-02-02,5호선,승차,57.0,32.0,379102
2019-02-02,5호선,하차,57.0,32.0,365168
2019-02-02,6호선,승차,57.0,32.0,245701
2019-02-02,6호선,하차,57.0,32.0,234604
2019-02-02,7호선,승차,57.0,32.0,467265
2019-02-02,7호선,하차,57.0,32.0,446839
2019-02-02,8호선,승차,57.0,32.0,127508
2019-02-02,8호선,하차,57.0,32.0,125584
2019-02-03,1호선,승차,37.0,30.0,130901
2019-02-03,1호선,하차,37.0,30.0,138414
2019-02-03,2호선,승차,37.0,30.0,658513
2019-02-03,2호선,하차,37.0,30.0,646171
2019-02-03,3호선,승차,37.0,30.0,241246
2019-02-03,3호선,하차,37.0,30.0,264267
2019-02-03,4호선,승차,37.0,30.0,277873
2019-02-03,4호선,하차,37.0,30.0,280089
2019-02-03,5호선,승차,37.0,30.0,247092
2019-02-03,5호선,하차,37.0,30.0,236743
2019-02-03,6호선,승차,37.0,30.0,162705
2019-02-03,6호선,하차,37.0,30.0,151834
2019-02-03,7호선,승차,37.0,30.0,314930
2019-02-03,7호선,하차,37.0,30.0,298616
2019-02-03,8호선,승차,37.0,30.0,87692
2019-02-03,8호선,하차,37.0,30.0,86284
2019-02-04,1호선,승차,71.0,32.0,142372
2019-02-04,1호선,하차,71.0,32.0,144119
2019-02-04,2호선,승차,71.0,32.0,526364
2019-02-04,2호선,하차,71.0,32.0,511122
2019-02-04,3호선,승차,71.0,32.0,206176
2019-02-04,3호선,하차,71.0,32.0,223771
2019-02-04,4호선,승차,71.0,32.0,243660
2019-02-04,4호선,하차,71.0,32.0,246734
2019-02-04,5호선,승차,71.0,32.0,214141
2019-02-04,5호선,하차,71.0,32.0,205233
2019-02-04,6호선,승차,71.0,32.0,137774
2019-02-04,6호선,하차,71.0,32.0,129507
2019-02-04,7호선,승차,71.0,32.0,262396
2019-02-04,7호선,하차,71.0,32.0,247643
2019-02-04,8호선,승차,71.0,32.0,74064
2019-02-04,8호선,하차,71.0,32.0,73267
2019-02-05,1호선,승차,85.0,22.0,125003
2019-02-05,1호선,하차,85.0,22.0,113935
2019-02-05,2호선,승차,85.0,22.0,455380
2019-02-05,2호선,하차,85.0,22.0,478829
2019-02-05,3호선,승차,85.0,22.0,211414
2019-02-05,3호선,하차,85.0,22.0,197263
2019-02-05,4호선,승차,85.0,22.0,229730
2019-02-05,4호선,하차,85.0,22.0,238023
2019-02-05,5호선,승차,85.0,22.0,193838
2019-02-05,5호선,하차,85.0,22.0,198339
2019-02-05,6호선,승차,85.0,22.0,130635
2019-02-05,6호선,하차,85.0,22.0,133375
2019-02-05,7호선,승차,85.0,22.0,264684
2019-02-05,7호선,하차,85.0,22.0,257347
2019-02-05,8호선,승차,85.0,22.0,60502
2019-02-05,8호선,하차,85.0,22.0,63442
2019-02-06,1호선,승차,91.0,31.0,158879
2019-02-06,1호선,하차,91.0,31.0,143140
2019-02-06,2호선,승차,91.0,31.0,693313
2019-02-06,2호선,하차,91.0,31.0,730475
2019-02-06,3호선,승차,91.0,31.0,300755
2019-02-06,3호선,하차,91.0,31.0,274008
2019-02-06,4호선,승차,91.0,31.0,287084
2019-02-06,4호선,하차,91.0,31.0,299797
2019-02-06,5호선,승차,91.0,31.0,257748
2019-02-06,5호선,하차,91.0,31.0,265395
2019-02-06,6호선,승차,91.0,31.0,166394
2019-02-06,6호선,하차,91.0,31.0,170789
2019-02-06,7호선,승차,91.0,31.0,337650
2019-02-06,7호선,하차,91.0,31.0,330033
2019-02-06,8호선,승차,91.0,31.0,88853
2019-02-06,8호선,하차,91.0,31.0,93770
2019-02-07,1호선,승차,59.0,28.0,278762
2019-02-07,1호선,하차,59.0,28.0,265955
2019-02-07,2호선,승차,59.0,28.0,1571081
2019-02-07,2호선,하차,59.0,28.0,1600448
2019-02-07,3호선,승차,59.0,28.0,580611
2019-02-07,3호선,하차,59.0,28.0,567603
2019-02-07,4호선,승차,59.0,28.0,565098
2019-02-07,4호선,하차,59.0,28.0,574153
2019-02-07,5호선,승차,59.0,28.0,621711
2019-02-07,5호선,하차,59.0,28.0,618524
2019-02-07,6호선,승차,59.0,28.0,348622
2019-02-07,6호선,하차,59.0,28.0,348570
2019-02-07,7호선,승차,59.0,28.0,743999
2019-02-07,7호선,하차,59.0,28.0,733803
2019-02-07,8호선,승차,59.0,28.0,194620
2019-02-07,8호선,하차,59.0,28.0,196403
2019-02-08,1호선,승차,32.0,13.0,295636
2019-02-08,1호선,하차,32.0,13.0,287919
2019-02-08,2호선,승차,32.0,13.0,1709984
2019-02-08,2호선,하차,32.0,13.0,1746792
2019-02-08,3호선,승차,32.0,13.0,621674
2019-02-08,3호선,하차,32.0,13.0,614019
2019-02-08,4호선,승차,32.0,13.0,611138
2019-02-08,4호선,하차,32.0,13.0,621467
2019-02-08,5호선,승차,32.0,13.0,663678
2019-02-08,5호선,하차,32.0,13.0,656240
2019-02-08,6호선,승차,32.0,13.0,373669
2019-02-08,6호선,하차,32.0,13.0,371130
2019-02-08,7호선,승차,32.0,13.0,779670
2019-02-08,7호선,하차,32.0,13.0,767440
2019-02-08,8호선,승차,32.0,13.0,209118
2019-02-08,8호선,하차,32.0,13.0,209356
2019-02-09,1호선,승차,34.0,13.0,252980
2019-02-09,1호선,하차,34.0,13.0,251992
2019-02-09,2호선,승차,34.0,13.0,1275104
2019-02-09,2호선,하차,34.0,13.0,1297170
2019-02-09,3호선,승차,34.0,13.0,474141
2019-02-09,3호선,하차,34.0,13.0,471884
2019-02-09,4호선,승차,34.0,13.0,498773
2019-02-09,4호선,하차,34.0,13.0,505619
2019-02-09,5호선,승차,34.0,13.0,445245
2019-02-09,5호선,하차,34.0,13.0,437339
2019-02-09,6호선,승차,34.0,13.0,281738
2019-02-09,6호선,하차,34.0,13.0,275917
2019-02-09,7호선,승차,34.0,13.0,537889
2019-02-09,7호선,하차,34.0,13.0,521483
2019-02-09,8호선,승차,34.0,13.0,149065
2019-02-09,8호선,하차,34.0,13.0,148705
2019-02-10,1호선,승차,43.0,19.0,169469
2019-02-10,1호선,하차,43.0,19.0,164416
2019-02-10,2호선,승차,43.0,19.0,910246
2019-02-10,2호선,하차,43.0,19.0,904462
2019-02-10,3호선,승차,43.0,19.0,327913
2019-02-10,3호선,하차,43.0,19.0,331678
2019-02-10,4호선,승차,43.0,19.0,357991
2019-02-10,4호선,하차,43.0,19.0,364722
2019-02-10,5호선,승차,43.0,19.0,316772
2019-02-10,5호선,하차,43.0,19.0,315268
2019-02-10,6호선,승차,43.0,19.0,207179
2019-02-10,6호선,하차,43.0,19.0,201151
2019-02-10,7호선,승차,43.0,19.0,389807
2019-02-10,7호선,하차,43.0,19.0,379249
2019-02-10,8호선,승차,43.0,19.0,108386
2019-02-10,8호선,하차,43.0,19.0,109934
2019-02-11,1호선,승차,37.0,18.0,299299
2019-02-11,1호선,하차,37.0,18.0,294451
2019-02-11,2호선,승차,37.0,18.0,1692185
2019-02-11,2호선,하차,37.0,18.0,1710109
2019-02-11,3호선,승차,37.0,18.0,618622
2019-02-11,3호선,하차,37.0,18.0,617422
2019-02-11,4호선,승차,37.0,18.0,608563
2019-02-11,4호선,하차,37.0,18.0,615995
2019-02-11,5호선,승차,37.0,18.0,683081
2019-02-11,5호선,하차,37.0,18.0,675422
2019-02-11,6호선,승차,37.0,18.0,371550
2019-02-11,6호선,하차,37.0,18.0,366257
2019-02-11,7호선,승차,37.0,18.0,795536
2019-02-11,7호선,하차,37.0,18.0,785354
2019-02-11,8호선,승차,37.0,18.0,210137
2019-02-11,8호선,하차,37.0,18.0,210465
2019-02-12,1호선,승차,57.0,32.0,308608
2019-02-12,1호선,하차,57.0,32.0,301548
2019-02-12,2호선,승차,57.0,32.0,1736779
2019-02-12,2호선,하차,57.0,32.0,1753958
2019-02-12,3호선,승차,57.0,32.0,627807
2019-02-12,3호선,하차,57.0,32.0,626540
2019-02-12,4호선,승차,57.0,32.0,623038
2019-02-12,4호선,하차,57.0,32.0,631040
2019-02-12,5호선,승차,57.0,32.0,692800
2019-02-12,5호선,하차,57.0,32.0,685406
2019-02-12,6호선,승차,57.0,32.0,381314
2019-02-12,6호선,하차,57.0,32.0,373888
2019-02-12,7호선,승차,57.0,32.0,802934
2019-02-12,7호선,하차,57.0,32.0,794347
2019-02-12,8호선,승차,57.0,32.0,213235
2019-02-12,8호선,하차,57.0,32.0,214287
2019-02-13,1호선,승차,40.0,17.0,310339
2019-02-13,1호선,하차,40.0,17.0,302996
2019-02-13,2호선,승차,40.0,17.0,1747211
2019-02-13,2호선,하차,40.0,17.0,1766247
2019-02-13,3호선,승차,40.0,17.0,638666
2019-02-13,3호선,하차,40.0,17.0,636896
2019-02-13,4호선,승차,40.0,17.0,630457
2019-02-13,4호선,하차,40.0,17.0,638341
2019-02-13,5호선,승차,40.0,17.0,701191
2019-02-13,5호선,하차,40.0,17.0,694889
2019-02-13,6호선,승차,40.0,17.0,383908
2019-02-13,6호선,하차,40.0,17.0,376139
2019-02-13,7호선,승차,40.0,17.0,808391
2019-02-13,7호선,하차,40.0,17.0,800057
2019-02-13,8호선,승차,40.0,17.0,215072
2019-02-13,8호선,하차,40.0,17.0,216021
2019-02-14,1호선,승차,55.0,23.0,312690
2019-02-14,1호선,하차,55.0,23.0,305863
2019-02-14,2호선,승차,55.0,23.0,1766574
2019-02-14,2호선,하차,55.0,23.0,1788135
2019-02-14,3호선,승차,55.0,23.0,643233
2019-02-14,3호선,하차,55.0,23.0,641821
2019-02-14,4호선,승차,55.0,23.0,635642
2019-02-14,4호선,하차,55.0,23.0,644560
2019-02-14,5호선,승차,55.0,23.0,702365
2019-02-14,5호선,하차,55.0,23.0,695293
2019-02-14,6호선,승차,55.0,23.0,386097
2019-02-14,6호선,하차,55.0,23.0,379471
2019-02-14,7호선,승차,55.0,23.0,814470
2019-02-14,7호선,하차,55.0,23.0,803599
2019-02-14,8호선,승차,55.0,23.0,220304
2019-02-14,8호선,하차,55.0,23.0,220484
2019-02-15,1호선,승차,38.0,25.0,318799
2019-02-15,1호선,하차,38.0,25.0,313308
2019-02-15,2호선,승차,38.0,25.0,1822613
2019-02-15,2호선,하차,38.0,25.0,1863758
2019-02-15,3호선,승차,38.0,25.0,679422
2019-02-15,3호선,하차,38.0,25.0,676227
2019-02-15,4호선,승차,38.0,25.0,648901
2019-02-15,4호선,하차,38.0,25.0,661106
2019-02-15,5호선,승차,38.0,25.0,727836
2019-02-15,5호선,하차,38.0,25.0,717675
2019-02-15,6호선,승차,38.0,25.0,402902
2019-02-15,6호선,하차,38.0,25.0,396912
2019-02-15,7호선,승차,38.0,25.0,848721
2019-02-15,7호선,하차,38.0,25.0,835655
2019-02-15,8호선,승차,38.0,25.0,224857
2019-02-15,8호선,하차,38.0,25.0,225640
2019-02-16,1호선,승차,58.0,43.0,280035
2019-02-16,1호선,하차,58.0,43.0,278510
2019-02-16,2호선,승차,58.0,43.0,1393814
2019-02-16,2호선,하차,58.0,43.0,1416173
2019-02-16,3호선,승차,58.0,43.0,522635
2019-02-16,3호선,하차,58.0,43.0,520789
2019-02-16,4호선,승차,58.0,43.0,525697
2019-02-16,4호선,하차,58.0,43.0,536032
2019-02-16,5호선,승차,58.0,43.0,496523
2019-02-16,5호선,하차,58.0,43.0,486947
2019-02-16,6호선,승차,58.0,43.0,309177
2019-02-16,6호선,하차,58.0,43.0,303200
2019-02-16,7호선,승차,58.0,43.0,610561
2019-02-16,7호선,하차,58.0,43.0,592101
2019-02-16,8호선,승차,58.0,43.0,159945
2019-02-16,8호선,하차,58.0,43.0,161429
2019-02-17,1호선,승차,36.0,21.0,187942
2019-02-17,1호선,하차,36.0,21.0,182894
2019-02-17,2호선,승차,36.0,21.0,979448
2019-02-17,2호선,하차,36.0,21.0,974678
2019-02-17,3호선,승차,36.0,21.0,350661
2019-02-17,3호선,하차,36.0,21.0,356390
2019-02-17,4호선,승차,36.0,21.0,376193
2019-02-17,4호선,하차,36.0,21.0,382578
2019-02-17,5호선,승차,36.0,21.0,340842
2019-02-17,5호선,하차,36.0,21.0,339015
2019-02-17,6호선,승차,36.0,21.0,224333
2019-02-17,6호선,하차,36.0,21.0,216018
2019-02-17,7호선,승차,36.0,21.0,428350
2019-02-17,7호선,하차,36.0,21.0,416743
2019-02-17,8호선,승차,36.0,21.0,117269
2019-02-17,8호선,하차,36.0,21.0,120143
2019-02-18,1호선,승차,46.0,25.0,298614
2019-02-18,1호선,하차,46.0,25.0,295060
2019-02-18,2호선,승차,46.0,25.0,1704861
2019-02-18,2호선,하차,46.0,25.0,1723186
2019-02-18,3호선,승차,46.0,25.0,622061
2019-02-18,3호선,하차,46.0,25.0,620765
2019-02-18,4호선,승차,46.0,25.0,609809
2019-02-18,4호선,하차,46.0,25.0,617459
2019-02-18,5호선,승차,46.0,25.0,682016
2019-02-18,5호선,하차,46.0,25.0,675067
2019-02-18,6호선,승차,46.0,25.0,376515
2019-02-18,6호선,하차,46.0,25.0,369423
2019-02-18,7호선,승차,46.0,25.0,801704
2019-02-18,7호선,하차,46.0,25.0,789774
2019-02-18,8호선,승차,46.0,25.0,211081
2019-02-18,8호선,하차,46.0,25.0,212281
2019-02-19,1호선,승차,43.0,31.0,286393
2019-02-19,1호선,하차,43.0,31.0,280683
2019-02-19,2호선,승차,43.0,31.0,1703654
2019-02-19,2호선,하차,43.0,31.0,1729805
2019-02-19,3호선,승차,43.0,31.0,623887
2019-02-19,3호선,하차,43.0,31.0,623293
2019-02-19,4호선,승차,43.0,31.0,607197
2019-02-19,4호선,하차,43.0,31.0,617464
2019-02-19,5호선,승차,43.0,31.0,692860
2019-02-19,5호선,하차,43.0,31.0,685023
2019-02-19,6호선,승차,43.0,31.0,382771
2019-02-19,6호선,하차,43.0,31.0,374142
2019-02-19,7호선,승차,43.0,31.0,806729
2019-02-19,7호선,하차,43.0,31.0,797552
2019-02-19,8호선,승차,43.0,31.0,216556
2019-02-19,8호선,하차,43.0,31.0,216627
2019-02-20,1호선,승차,56.0,44.0,310113
2019-02-20,1호선,하차,56.0,44.0,304478
2019-02-20,2호선,승차,56.0,44.0,1749769
2019-02-20,2호선,하차,56.0,44.0,1766177
2019-02-20,3호선,승차,56.0,44.0,638256
2019-02-20,3호선,하차,56.0,44.0,636729
2019-02-20,4호선,승차,56.0,44.0,631799
2019-02-20,4호선,하차,56.0,44.0,640267
2019-02-20,5호선,승차,56.0,44.0,704256
2019-02-20,5호선,하차,56.0,44.0,697238
2019-02-20,6호선,승차,56.0,44.0,389075
2019-02-20,6호선,하차,56.0,44.0,380997
2019-02-20,7호선,승차,56.0,44.0,813346
2019-02-20,7호선,하차,56.0,44.0,804005
2019-02-20,8호선,승차,56.0,44.0,216617
2019-02-20,8호선,하차,56.0,44.0,217343
2019-02-21,1호선,승차,83.0,63.0,316135
2019-02-21,1호선,하차,83.0,63.0,310478
2019-02-21,2호선,승차,83.0,63.0,1770064
2019-02-21,2호선,하차,83.0,63.0,1790782
2019-02-21,3호선,승차,83.0,63.0,642747
2019-02-21,3호선,하차,83.0,63.0,640655
2019-02-21,4호선,승차,83.0,63.0,636522
2019-02-21,4호선,하차,83.0,63.0,645914
2019-02-21,5호선,승차,83.0,63.0,701540
2019-02-21,5호선,하차,83.0,63.0,694828
2019-02-21,6호선,승차,83.0,63.0,390017
2019-02-21,6호선,하차,83.0,63.0,383777
2019-02-21,7호선,승차,83.0,63.0,814270
2019-02-21,7호선,하차,83.0,63.0,804920
2019-02-21,8호선,승차,83.0,63.0,215543
2019-02-21,8호선,하차,83.0,63.0,216650
2019-02-22,1호선,승차,75.0,52.0,329483
2019-02-22,1호선,하차,75.0,52.0,324410
2019-02-22,2호선,승차,75.0,52.0,1835916
2019-02-22,2호선,하차,75.0,52.0,1872720
2019-02-22,3호선,승차,75.0,52.0,681380
2019-02-22,3호선,하차,75.0,52.0,678938
2019-02-22,4호선,승차,75.0,52.0,658799
2019-02-22,4호선,하차,75.0,52.0,670307
2019-02-22,5호선,승차,75.0,52.0,716920
2019-02-22,5호선,하차,75.0,52.0,708088
2019-02-22,6호선,승차,75.0,52.0,407674
2019-02-22,6호선,하차,75.0,52.0,404319
2019-02-22,7호선,승차,75.0,52.0,840349
2019-02-22,7호선,하차,75.0,52.0,829104
2019-02-22,8호선,승차,75.0,52.0,222956
2019-02-22,8호선,하차,75.0,52.0,223072
2019-02-23,1호선,승차,54.0,33.0,291464
2019-02-23,1호선,하차,54.0,33.0,290791
2019-02-23,2호선,승차,54.0,33.0,1407712
2019-02-23,2호선,하차,54.0,33.0,1432521
2019-02-23,3호선,승차,54.0,33.0,538141
2019-02-23,3호선,하차,54.0,33.0,538004
2019-02-23,4호선,승차,54.0,33.0,544919
2019-02-23,4호선,하차,54.0,33.0,557312
2019-02-23,5호선,승차,54.0,33.0,512782
2019-02-23,5호선,하차,54.0,33.0,502255
2019-02-23,6호선,승차,54.0,33.0,325119
2019-02-23,6호선,하차,54.0,33.0,319569
2019-02-23,7호선,승차,54.0,33.0,614617
2019-02-23,7호선,하차,54.0,33.0,596109
2019-02-23,8호선,승차,54.0,33.0,163518
2019-02-23,8호선,하차,54.0,33.0,163078
2019-02-24,1호선,승차,60.0,40.0,195761
2019-02-24,1호선,하차,60.0,40.0,191099
2019-02-24,2호선,승차,60.0,40.0,1007334
2019-02-24,2호선,하차,60.0,40.0,1005827
2019-02-24,3호선,승차,60.0,40.0,369570
2019-02-24,3호선,하차,60.0,40.0,374174
2019-02-24,4호선,승차,60.0,40.0,394889
2019-02-24,4호선,하차,60.0,40.0,402404
2019-02-24,5호선,승차,60.0,40.0,362004
2019-02-24,5호선,하차,60.0,40.0,359248
2019-02-24,6호선,승차,60.0,40.0,240247
2019-02-24,6호선,하차,60.0,40.0,232008
2019-02-24,7호선,승차,60.0,40.0,446299
2019-02-24,7호선,하차,60.0,40.0,432506
2019-02-24,8호선,승차,60.0,40.0,125810
2019-02-24,8호선,하차,60.0,40.0,127723
2019-02-25,1호선,승차,86.0,61.0,308184
2019-02-25,1호선,하차,86.0,61.0,304093
2019-02-25,2호선,승차,86.0,61.0,1725567
2019-02-25,2호선,하차,86.0,61.0,1749496
2019-02-25,3호선,승차,86.0,61.0,626574
2019-02-25,3호선,하차,86.0,61.0,624521
2019-02-25,4호선,승차,86.0,61.0,624642
2019-02-25,4호선,하차,86.0,61.0,632776
2019-02-25,5호선,승차,86.0,61.0,689681
2019-02-25,5호선,하차,86.0,61.0,681631
2019-02-25,6호선,승차,86.0,61.0,395674
2019-02-25,6호선,하차,86.0,61.0,388073
2019-02-25,7호선,승차,86.0,61.0,804065
2019-02-25,7호선,하차,86.0,61.0,793537
2019-02-25,8호선,승차,86.0,61.0,212292
2019-02-25,8호선,하차,86.0,61.0,213248
2019-02-26,1호선,승차,52.0,24.0,313778
2019-02-26,1호선,하차,52.0,24.0,307715
2019-02-26,2호선,승차,52.0,24.0,1767242
2019-02-26,2호선,하차,52.0,24.0,1788621
2019-02-26,3호선,승차,52.0,24.0,642720
2019-02-26,3호선,하차,52.0,24.0,642161
2019-02-26,4호선,승차,52.0,24.0,634816
2019-02-26,4호선,하차,52.0,24.0,643976
2019-02-26,5호선,승차,52.0,24.0,705570
2019-02-26,5호선,하차,52.0,24.0,699139
2019-02-26,6호선,승차,52.0,24.0,395056
2019-02-26,6호선,하차,52.0,24.0,385764
2019-02-26,7호선,승차,52.0,24.0,820319
2019-02-26,7호선,하차,52.0,24.0,811198
2019-02-26,8호선,승차,52.0,24.0,215384
2019-02-26,8호선,하차,52.0,24.0,216292
2019-02-27,1호선,승차,65.0,37.0,314801
2019-02-27,1호선,하차,65.0,37.0,307889
2019-02-27,2호선,승차,65.0,37.0,1770167
2019-02-27,2호선,하차,65.0,37.0,1790076
2019-02-27,3호선,승차,65.0,37.0,650493
2019-02-27,3호선,하차,65.0,37.0,649752
2019-02-27,4호선,승차,65.0,37.0,639210
2019-02-27,4호선,하차,65.0,37.0,650137
2019-02-27,5호선,승차,65.0,37.0,710858
2019-02-27,5호선,하차,65.0,37.0,702412
2019-02-27,6호선,승차,65.0,37.0,394285
2019-02-27,6호선,하차,65.0,37.0,385385
2019-02-27,7호선,승차,65.0,37.0,821699
2019-02-27,7호선,하차,65.0,37.0,810056
2019-02-27,8호선,승차,65.0,37.0,217943
2019-02-27,8호선,하차,65.0,37.0,218880
2019-02-28,1호선,승차,89.0,55.0,333064
2019-02-28,1호선,하차,89.0,55.0,327961
2019-02-28,2호선,승차,89.0,55.0,1815002
2019-02-28,2호선,하차,89.0,55.0,1849398
2019-02-28,3호선,승차,89.0,55.0,686218
2019-02-28,3호선,하차,89.0,55.0,687835
2019-02-28,4호선,승차,89.0,55.0,656361
2019-02-28,4호선,하차,89.0,55.0,669156
2019-02-28,5호선,승차,89.0,55.0,719706
2019-02-28,5호선,하차,89.0,55.0,705538
2019-02-28,6호선,승차,89.0,55.0,406635
2019-02-28,6호선,하차,89.0,55.0,402421
2019-02-28,7호선,승차,89.0,55.0,831410
2019-02-28,7호선,하차,89.0,55.0,814990
2019-02-28,8호선,승차,89.0,55.0,222530
2019-02-28,8호선,하차,89.0,55.0,221972
2019-03-01,1호선,승차,117.0,78.0,312383
2019-03-01,1호선,하차,117.0,78.0,309417
2019-03-01,2호선,승차,117.0,78.0,1181390
2019-03-01,2호선,하차,117.0,78.0,1197258
2019-03-01,3호선,승차,117.0,78.0,485685
2019-03-01,3호선,하차,117.0,78.0,497179
2019-03-01,4호선,승차,117.0,78.0,507388
2019-03-01,4호선,하차,117.0,78.0,510390
2019-03-01,5호선,승차,117.0,78.0,465598
2019-03-01,5호선,하차,117.0,78.0,454364
2019-03-01,6호선,승차,117.0,78.0,278871
2019-03-01,6호선,하차,117.0,78.0,273158
2019-03-01,7호선,승차,117.0,78.0,494880
2019-03-01,7호선,하차,117.0,78.0,475730
2019-03-01,8호선,승차,117.0,78.0,142209
2019-03-01,8호선,하차,117.0,78.0,142286
2019-03-02,1호선,승차,117.0,76.0,248258
2019-03-02,1호선,하차,117.0,76.0,243747
2019-03-02,2호선,승차,117.0,76.0,1215081
2019-03-02,2호선,하차,117.0,76.0,1229151
2019-03-02,3호선,승차,117.0,76.0,463281
2019-03-02,3호선,하차,117.0,76.0,465587
2019-03-02,4호선,승차,117.0,76.0,487770
2019-03-02,4호선,하차,117.0,76.0,494872
2019-03-02,5호선,승차,117.0,76.0,437121
2019-03-02,5호선,하차,117.0,76.0,431973
2019-03-02,6호선,승차,117.0,76.0,281891
2019-03-02,6호선,하차,117.0,76.0,276405
2019-03-02,7호선,승차,117.0,76.0,533810
2019-03-02,7호선,하차,117.0,76.0,519851
2019-03-02,8호선,승차,117.0,76.0,143658
2019-03-02,8호선,하차,117.0,76.0,145131
2019-03-03,1호선,승차,94.0,62.0,179622
2019-03-03,1호선,하차,94.0,62.0,173913
2019-03-03,2호선,승차,94.0,62.0,919612
2019-03-03,2호선,하차,94.0,62.0,919007
2019-03-03,3호선,승차,94.0,62.0,345120
2019-03-03,3호선,하차,94.0,62.0,344360
2019-03-03,4호선,승차,94.0,62.0,364644
2019-03-03,4호선,하차,94.0,62.0,372657
2019-03-03,5호선,승차,94.0,62.0,334948
2019-03-03,5호선,하차,94.0,62.0,334313
2019-03-03,6호선,승차,94.0,62.0,228730
2019-03-03,6호선,하차,94.0,62.0,223828
2019-03-03,7호선,승차,94.0,62.0,423701
2019-03-03,7호선,하차,94.0,62.0,412372
2019-03-03,8호선,승차,94.0,62.0,114307
2019-03-03,8호선,하차,94.0,62.0,116957
2019-03-04,1호선,승차,151.0,101.0,287912
2019-03-04,1호선,하차,151.0,101.0,283392
2019-03-04,2호선,승차,151.0,101.0,1671080
2019-03-04,2호선,하차,151.0,101.0,1692631
2019-03-04,3호선,승차,151.0,101.0,613706
2019-03-04,3호선,하차,151.0,101.0,612831
2019-03-04,4호선,승차,151.0,101.0,633108
2019-03-04,4호선,하차,151.0,101.0,638077
2019-03-04,5호선,승차,151.0,101.0,691378
2019-03-04,5호선,하차,151.0,101.0,685429
2019-03-04,6호선,승차,151.0,101.0,399355
2019-03-04,6호선,하차,151.0,101.0,395430
2019-03-04,7호선,승차,151.0,101.0,833192
2019-03-04,7호선,하차,151.0,101.0,824603
2019-03-04,8호선,승차,151.0,101.0,220888
2019-03-04,8호선,하차,151.0,101.0,220181
2019-03-05,1호선,승차,176.0,127.0,289069
2019-03-05,1호선,하차,176.0,127.0,284171
2019-03-05,2호선,승차,176.0,127.0,1700814
2019-03-05,2호선,하차,176.0,127.0,1723054
2019-03-05,3호선,승차,176.0,127.0,618634
2019-03-05,3호선,하차,176.0,127.0,615952
2019-03-05,4호선,승차,176.0,127.0,638662
2019-03-05,4호선,하차,176.0,127.0,645443
2019-03-05,5호선,승차,176.0,127.0,698582
2019-03-05,5호선,하차,176.0,127.0,692768
2019-03-05,6호선,승차,176.0,127.0,406284
2019-03-05,6호선,하차,176.0,127.0,401065
2019-03-05,7호선,승차,176.0,127.0,836215
2019-03-05,7호선,하차,176.0,127.0,830471
2019-03-05,8호선,승차,176.0,127.0,218654
2019-03-05,8호선,하차,176.0,127.0,218918
2019-03-06,1호선,승차,134.0,95.0,292709
2019-03-06,1호선,하차,134.0,95.0,287782
2019-03-06,2호선,승차,134.0,95.0,1733971
2019-03-06,2호선,하차,134.0,95.0,1758550
2019-03-06,3호선,승차,134.0,95.0,629426
2019-03-06,3호선,하차,134.0,95.0,625557
2019-03-06,4호선,승차,134.0,95.0,654950
2019-03-06,4호선,하차,134.0,95.0,660654
2019-03-06,5호선,승차,134.0,95.0,708858
2019-03-06,5호선,하차,134.0,95.0,701880
2019-03-06,6호선,승차,134.0,95.0,412139
2019-03-06,6호선,하차,134.0,95.0,406454
2019-03-06,7호선,승차,134.0,95.0,840916
2019-03-06,7호선,하차,134.0,95.0,835807
2019-03-06,8호선,승차,134.0,95.0,221097
2019-03-06,8호선,하차,134.0,95.0,221148
2019-03-07,1호선,승차,52.0,33.0,308820
2019-03-07,1호선,하차,52.0,33.0,304323
2019-03-07,2호선,승차,52.0,33.0,1776806
2019-03-07,2호선,하차,52.0,33.0,1801926
2019-03-07,3호선,승차,52.0,33.0,653468
2019-03-07,3호선,하차,52.0,33.0,651308
2019-03-07,4호선,승차,52.0,33.0,674243
2019-03-07,4호선,하차,52.0,33.0,680873
2019-03-07,5호선,승차,52.0,33.0,720153
2019-03-07,5호선,하차,52.0,33.0,712059
2019-03-07,6호선,승차,52.0,33.0,422853
2019-03-07,6호선,하차,52.0,33.0,418047
2019-03-07,7호선,승차,52.0,33.0,853135
2019-03-07,7호선,하차,52.0,33.0,847969
2019-03-07,8호선,승차,52.0,33.0,225617
2019-03-07,8호선,하차,52.0,33.0,225544
2019-03-08,1호선,승차,55.0,29.0,332640
2019-03-08,1호선,하차,55.0,29.0,327955
2019-03-08,2호선,승차,55.0,29.0,1882761
2019-03-08,2호선,하차,55.0,29.0,1925828
2019-03-08,3호선,승차,55.0,29.0,698033
2019-03-08,3호선,하차,55.0,29.0,692270
2019-03-08,4호선,승차,55.0,29.0,699397
2019-03-08,4호선,하차,55.0,29.0,708208
2019-03-08,5호선,승차,55.0,29.0,739956
2019-03-08,5호선,하차,55.0,29.0,730164
2019-03-08,6호선,승차,55.0,29.0,433270
2019-03-08,6호선,하차,55.0,29.0,427732
2019-03-08,7호선,승차,55.0,29.0,871798
2019-03-08,7호선,하차,55.0,29.0,862429
2019-03-08,8호선,승차,55.0,29.0,233098
2019-03-08,8호선,하차,55.0,29.0,232611
2019-03-14,1호선,승차,41.0,15.0,307956
2019-03-14,1호선,하차,41.0,15.0,302502
2019-03-14,2호선,승차,41.0,15.0,1795873
2019-03-14,2호선,하차,41.0,15.0,1823153
2019-03-14,3호선,승차,41.0,15.0,651327
2019-03-14,3호선,하차,41.0,15.0,648459
2019-03-14,4호선,승차,41.0,15.0,673220
2019-03-14,4호선,하차,41.0,15.0,679810
2019-03-14,5호선,승차,41.0,15.0,717814
2019-03-14,5호선,하차,41.0,15.0,710746
2019-03-14,6호선,승차,41.0,15.0,420835
2019-03-14,6호선,하차,41.0,15.0,415533
2019-03-14,7호선,승차,41.0,15.0,845601
2019-03-14,7호선,하차,41.0,15.0,839728
2019-03-14,8호선,승차,41.0,15.0,229207
2019-03-14,8호선,하차,41.0,15.0,228569
2019-03-15,1호선,승차,70.0,39.0,324500
2019-03-15,1호선,하차,70.0,39.0,318245
2019-03-15,2호선,승차,70.0,39.0,1853407
2019-03-15,2호선,하차,70.0,39.0,1877539
2019-03-15,3호선,승차,70.0,39.0,691306
2019-03-15,3호선,하차,70.0,39.0,684617
2019-03-15,4호선,승차,70.0,39.0,684881
2019-03-15,4호선,하차,70.0,39.0,695572
2019-03-15,5호선,승차,70.0,39.0,727885
2019-03-15,5호선,하차,70.0,39.0,721575
2019-03-15,6호선,승차,70.0,39.0,426272
2019-03-15,6호선,하차,70.0,39.0,423722
2019-03-15,7호선,승차,70.0,39.0,859214
2019-03-15,7호선,하차,70.0,39.0,851150
2019-03-15,8호선,승차,70.0,39.0,229900
2019-03-15,8호선,하차,70.0,39.0,230235
2019-03-18,1호선,승차,39.0,21.0,301572
2019-03-18,1호선,하차,39.0,21.0,296969
2019-03-18,2호선,승차,39.0,21.0,1718954
2019-03-18,2호선,하차,39.0,21.0,1742239
2019-03-18,3호선,승차,39.0,21.0,628625
2019-03-18,3호선,하차,39.0,21.0,628302
2019-03-18,4호선,승차,39.0,21.0,653112
2019-03-18,4호선,하차,39.0,21.0,659567
2019-03-18,5호선,승차,39.0,21.0,701513
2019-03-18,5호선,하차,39.0,21.0,693990
2019-03-18,6호선,승차,39.0,21.0,405853
2019-03-18,6호선,하차,39.0,21.0,400623
2019-03-18,7호선,승차,39.0,21.0,836877
2019-03-18,7호선,하차,39.0,21.0,828210
2019-03-18,8호선,승차,39.0,21.0,220300
2019-03-18,8호선,하차,39.0,21.0,220038
2019-03-19,1호선,승차,68.0,40.0,306570
2019-03-19,1호선,하차,68.0,40.0,301193
2019-03-19,2호선,승차,68.0,40.0,1750059
2019-03-19,2호선,하차,68.0,40.0,1774017
2019-03-19,3호선,승차,68.0,40.0,645693
2019-03-19,3호선,하차,68.0,40.0,642426
2019-03-19,4호선,승차,68.0,40.0,668443
2019-03-19,4호선,하차,68.0,40.0,674806
2019-03-19,5호선,승차,68.0,40.0,719672
2019-03-19,5호선,하차,68.0,40.0,713146
2019-03-19,6호선,승차,68.0,40.0,417614
2019-03-19,6호선,하차,68.0,40.0,410720
2019-03-19,7호선,승차,68.0,40.0,851586
2019-03-19,7호선,하차,68.0,40.0,845658
2019-03-19,8호선,승차,68.0,40.0,229070
2019-03-19,8호선,하차,68.0,40.0,228051
2019-03-20,1호선,승차,100.0,71.0,299682
2019-03-20,1호선,하차,100.0,71.0,292454
2019-03-20,2호선,승차,100.0,71.0,1737678
2019-03-20,2호선,하차,100.0,71.0,1751265
2019-03-20,3호선,승차,100.0,71.0,638057
2019-03-20,3호선,하차,100.0,71.0,633261
2019-03-20,4호선,승차,100.0,71.0,658495
2019-03-20,4호선,하차,100.0,71.0,663070
2019-03-20,5호선,승차,100.0,71.0,711181
2019-03-20,5호선,하차,100.0,71.0,704815
2019-03-20,6호선,승차,100.0,71.0,412293
2019-03-20,6호선,하차,100.0,71.0,408241
2019-03-20,7호선,승차,100.0,71.0,837327
2019-03-20,7호선,하차,100.0,71.0,832625
2019-03-20,8호선,승차,100.0,71.0,222031
2019-03-20,8호선,하차,100.0,71.0,222132
2019-03-21,1호선,승차,34.0,25.0,308502
2019-03-21,1호선,하차,34.0,25.0,303750
2019-03-21,2호선,승차,34.0,25.0,1769896
2019-03-21,2호선,하차,34.0,25.0,1793706
2019-03-21,3호선,승차,34.0,25.0,648940
2019-03-21,3호선,하차,34.0,25.0,646843
2019-03-21,4호선,승차,34.0,25.0,673126
2019-03-21,4호선,하차,34.0,25.0,679646
2019-03-21,5호선,승차,34.0,25.0,716104
2019-03-21,5호선,하차,34.0,25.0,709452
2019-03-21,6호선,승차,34.0,25.0,418403
2019-03-21,6호선,하차,34.0,25.0,412367
2019-03-21,7호선,승차,34.0,25.0,845495
2019-03-21,7호선,하차,34.0,25.0,838347
2019-03-21,8호선,승차,34.0,25.0,223154
2019-03-21,8호선,하차,34.0,25.0,223036
2019-03-22,1호선,승차,40.0,18.0,330644
2019-03-22,1호선,하차,40.0,18.0,325411
2019-03-22,2호선,승차,40.0,18.0,1863808
2019-03-22,2호선,하차,40.0,18.0,1900708
2019-03-22,3호선,승차,40.0,18.0,696629
2019-03-22,3호선,하차,40.0,18.0,692969
2019-03-22,4호선,승차,40.0,18.0,700033
2019-03-22,4호선,하차,40.0,18.0,708809
2019-03-22,5호선,승차,40.0,18.0,736001
2019-03-22,5호선,하차,40.0,18.0,726009
2019-03-22,6호선,승차,40.0,18.0,434533
2019-03-22,6호선,하차,40.0,18.0,428766
2019-03-22,7호선,승차,40.0,18.0,865502
2019-03-22,7호선,하차,40.0,18.0,854002
2019-03-22,8호선,승차,40.0,18.0,232089
2019-03-22,8호선,하차,40.0,18.0,231155
2019-03-23,1호선,승차,26.0,12.0,260094
2019-03-23,1호선,하차,26.0,12.0,260128
2019-03-23,2호선,승차,26.0,12.0,1392689
2019-03-23,2호선,하차,26.0,12.0,1417421
2019-03-23,3호선,승차,26.0,12.0,516171
2019-03-23,3호선,하차,26.0,12.0,514227
2019-03-23,4호선,승차,26.0,12.0,533421
2019-03-23,4호선,하차,26.0,12.0,541817
2019-03-23,5호선,승차,26.0,12.0,488860
2019-03-23,5호선,하차,26.0,12.0,479887
2019-03-23,6호선,승차,26.0,12.0,318638
2019-03-23,6호선,하차,26.0,12.0,311792
2019-03-23,7호선,승차,26.0,12.0,590133
2019-03-23,7호선,하차,26.0,12.0,572466
2019-03-23,8호선,승차,26.0,12.0,158799
2019-03-23,8호선,하차,26.0,12.0,158951
2019-03-24,1호선,승차,28.0,11.0,190388
2019-03-24,1호선,하차,28.0,11.0,185294
2019-03-24,2호선,승차,28.0,11.0,1005351
2019-03-24,2호선,하차,28.0,11.0,1006891
2019-03-24,3호선,승차,28.0,11.0,366567
2019-03-24,3호선,하차,28.0,11.0,372009
2019-03-24,4호선,승차,28.0,11.0,395464
2019-03-24,4호선,하차,28.0,11.0,404222
2019-03-24,5호선,승차,28.0,11.0,359702
2019-03-24,5호선,하차,28.0,11.0,356681
2019-03-24,6호선,승차,28.0,11.0,237851
2019-03-24,6호선,하차,28.0,11.0,232166
2019-03-24,7호선,승차,28.0,11.0,442010
2019-03-24,7호선,하차,28.0,11.0,430084
2019-03-24,8호선,승차,28.0,11.0,124316
2019-03-24,8호선,하차,28.0,11.0,125750
2019-03-25,1호선,승차,51.0,28.0,297085
2019-03-25,1호선,하차,51.0,28.0,293204
2019-03-25,2호선,승차,51.0,28.0,1703141
2019-03-25,2호선,하차,51.0,28.0,1726937
2019-03-25,3호선,승차,51.0,28.0,629388
2019-03-25,3호선,하차,51.0,28.0,628252
2019-03-25,4호선,승차,51.0,28.0,647550
2019-03-25,4호선,하차,51.0,28.0,654703
2019-03-25,5호선,승차,51.0,28.0,699017
2019-03-25,5호선,하차,51.0,28.0,692042
2019-03-25,6호선,승차,51.0,28.0,404021
2019-03-25,6호선,하차,51.0,28.0,398274
2019-03-25,7호선,승차,51.0,28.0,835713
2019-03-25,7호선,하차,51.0,28.0,827485
2019-03-25,8호선,승차,51.0,28.0,219793
2019-03-25,8호선,하차,51.0,28.0,219971
2019-03-26,1호선,승차,56.0,33.0,308147
2019-03-26,1호선,하차,56.0,33.0,304116
2019-03-26,2호선,승차,56.0,33.0,1758366
2019-03-26,2호선,하차,56.0,33.0,1782071
2019-03-26,3호선,승차,56.0,33.0,646516
2019-03-26,3호선,하차,56.0,33.0,643095
2019-03-26,4호선,승차,56.0,33.0,668569
2019-03-26,4호선,하차,56.0,33.0,674295
2019-03-26,5호선,승차,56.0,33.0,718316
2019-03-26,5호선,하차,56.0,33.0,710250
2019-03-26,6호선,승차,56.0,33.0,459553
2019-03-26,6호선,하차,56.0,33.0,460206
2019-03-26,7호선,승차,56.0,33.0,849560
2019-03-26,7호선,하차,56.0,33.0,842476
2019-03-26,8호선,승차,56.0,33.0,223489
2019-03-26,8호선,하차,56.0,33.0,222942
2019-03-27,1호선,승차,87.0,58.0,305773
2019-03-27,1호선,하차,87.0,58.0,299866
2019-03-27,2호선,승차,87.0,58.0,1766521
2019-03-27,2호선,하차,87.0,58.0,1792876
2019-03-27,3호선,승차,87.0,58.0,644652
2019-03-27,3호선,하차,87.0,58.0,642584
2019-03-27,4호선,승차,87.0,58.0,671326
2019-03-27,4호선,하차,87.0,58.0,676911
2019-03-27,5호선,승차,87.0,58.0,718302
2019-03-27,5호선,하차,87.0,58.0,712450
2019-03-27,6호선,승차,87.0,58.0,417524
2019-03-27,6호선,하차,87.0,58.0,409912
2019-03-27,7호선,승차,87.0,58.0,850734
2019-03-27,7호선,하차,87.0,58.0,843388
2019-03-27,8호선,승차,87.0,58.0,223942
2019-03-27,8호선,하차,87.0,58.0,223458
2019-03-28,1호선,승차,88.0,58.0,313518
2019-03-28,1호선,하차,88.0,58.0,308908
2019-03-28,2호선,승차,88.0,58.0,1784656
2019-03-28,2호선,하차,88.0,58.0,1809061
2019-03-28,3호선,승차,88.0,58.0,656119
2019-03-28,3호선,하차,88.0,58.0,654731
2019-03-28,4호선,승차,88.0,58.0,674970
2019-03-28,4호선,하차,88.0,58.0,681071
2019-03-28,5호선,승차,88.0,58.0,721351
2019-03-28,5호선,하차,88.0,58.0,714977
2019-03-28,6호선,승차,88.0,58.0,419887
2019-03-28,6호선,하차,88.0,58.0,415446
2019-03-28,7호선,승차,88.0,58.0,853168
2019-03-28,7호선,하차,88.0,58.0,846294
2019-03-28,8호선,승차,88.0,58.0,224011
2019-03-28,8호선,하차,88.0,58.0,223752
2019-03-29,1호선,승차,41.0,21.0,330483
2019-03-29,1호선,하차,41.0,21.0,327212
2019-03-29,2호선,승차,41.0,21.0,1868507
2019-03-29,2호선,하차,41.0,21.0,1906505
2019-03-29,3호선,승차,41.0,21.0,696700
2019-03-29,3호선,하차,41.0,21.0,696006
2019-03-29,4호선,승차,41.0,21.0,696294
2019-03-29,4호선,하차,41.0,21.0,704986
2019-03-29,5호선,승차,41.0,21.0,738596
2019-03-29,5호선,하차,41.0,21.0,728646
2019-03-29,6호선,승차,41.0,21.0,431040
2019-03-29,6호선,하차,41.0,21.0,425351
2019-03-29,7호선,승차,41.0,21.0,870870
2019-03-29,7호선,하차,41.0,21.0,858693
2019-03-29,8호선,승차,41.0,21.0,236631
2019-03-29,8호선,하차,41.0,21.0,234277
2019-03-30,1호선,승차,35.0,27.0,252866
2019-03-30,1호선,하차,35.0,27.0,253378
2019-03-30,2호선,승차,35.0,27.0,1336598
2019-03-30,2호선,하차,35.0,27.0,1356080
2019-03-30,3호선,승차,35.0,27.0,507088
2019-03-30,3호선,하차,35.0,27.0,505944
2019-03-30,4호선,승차,35.0,27.0,512111
2019-03-30,4호선,하차,35.0,27.0,518982
2019-03-30,5호선,승차,35.0,27.0,474575
2019-03-30,5호선,하차,35.0,27.0,466045
2019-03-30,6호선,승차,35.0,27.0,309432
2019-03-30,6호선,하차,35.0,27.0,302868
2019-03-30,7호선,승차,35.0,27.0,575543
2019-03-30,7호선,하차,35.0,27.0,559045
2019-03-30,8호선,승차,35.0,27.0,156216
2019-03-30,8호선,하차,35.0,27.0,156246
2019-03-31,1호선,승차,44.0,27.0,180716
2019-03-31,1호선,하차,44.0,27.0,175076
2019-03-31,2호선,승차,44.0,27.0,957746
2019-03-31,2호선,하차,44.0,27.0,959352
2019-03-31,3호선,승차,44.0,27.0,358709
2019-03-31,3호선,하차,44.0,27.0,360308
2019-03-31,4호선,승차,44.0,27.0,374073
2019-03-31,4호선,하차,44.0,27.0,382667
2019-03-31,5호선,승차,44.0,27.0,339004
2019-03-31,5호선,하차,44.0,27.0,337166
2019-03-31,6호선,승차,44.0,27.0,223407
2019-03-31,6호선,하차,44.0,27.0,219566
2019-03-31,7호선,승차,44.0,27.0,426001
2019-03-31,7호선,하차,44.0,27.0,414695
2019-03-31,8호선,승차,44.0,27.0,116843
2019-03-31,8호선,하차,44.0,27.0,119074
2019-04-01,1호선,승차,24.0,14.0,294232
2019-04-01,1호선,하차,24.0,14.0,288503
2019-04-01,2호선,승차,24.0,14.0,1694682
2019-04-01,2호선,하차,24.0,14.0,1719590
2019-04-01,3호선,승차,24.0,14.0,622436
2019-04-01,3호선,하차,24.0,14.0,622159
2019-04-01,4호선,승차,24.0,14.0,643322
2019-04-01,4호선,하차,24.0,14.0,649001
2019-04-01,5호선,승차,24.0,14.0,695472
2019-04-01,5호선,하차,24.0,14.0,688732
2019-04-01,6호선,승차,24.0,14.0,401445
2019-04-01,6호선,하차,24.0,14.0,395626
2019-04-01,7호선,승차,24.0,14.0,833008
2019-04-01,7호선,하차,24.0,14.0,825142
2019-04-01,8호선,승차,24.0,14.0,218789
2019-04-01,8호선,하차,24.0,14.0,218864
2019-04-02,1호선,승차,32.0,18.0,303253
2019-04-02,1호선,하차,32.0,18.0,298379
2019-04-02,2호선,승차,32.0,18.0,1730076
2019-04-02,2호선,하차,32.0,18.0,1752633
2019-04-02,3호선,승차,32.0,18.0,633794
2019-04-02,3호선,하차,32.0,18.0,631296
2019-04-02,4호선,승차,32.0,18.0,658404
2019-04-02,4호선,하차,32.0,18.0,664573
2019-04-02,5호선,승차,32.0,18.0,711465
2019-04-02,5호선,하차,32.0,18.0,705319
2019-04-02,6호선,승차,32.0,18.0,412002
2019-04-02,6호선,하차,32.0,18.0,405732
2019-04-02,7호선,승차,32.0,18.0,842873
2019-04-02,7호선,하차,32.0,18.0,836383
2019-04-02,8호선,승차,32.0,18.0,222494
2019-04-02,8호선,하차,32.0,18.0,221895
2019-04-03,1호선,승차,38.0,24.0,307376
2019-04-03,1호선,하차,38.0,24.0,301848
2019-04-03,2호선,승차,38.0,24.0,1760668
2019-04-03,2호선,하차,38.0,24.0,1781942
2019-04-03,3호선,승차,38.0,24.0,642076
2019-04-03,3호선,하차,38.0,24.0,638360
2019-04-03,4호선,승차,38.0,24.0,666778
2019-04-03,4호선,하차,38.0,24.0,673129
2019-04-03,5호선,승차,38.0,24.0,721090
2019-04-03,5호선,하차,38.0,24.0,715343
2019-04-03,6호선,승차,38.0,24.0,419278
2019-04-03,6호선,하차,38.0,24.0,412879
2019-04-03,7호선,승차,38.0,24.0,848645
2019-04-03,7호선,하차,38.0,24.0,843709
2019-04-03,8호선,승차,38.0,24.0,225581
2019-04-03,8호선,하차,38.0,24.0,225277
2019-04-04,1호선,승차,36.0,21.0,309335
2019-04-04,1호선,하차,36.0,21.0,304519
2019-04-04,2호선,승차,36.0,21.0,1776463
2019-04-04,2호선,하차,36.0,21.0,1801038
2019-04-04,3호선,승차,36.0,21.0,654485
2019-04-04,3호선,하차,36.0,21.0,653144
2019-04-04,4호선,승차,36.0,21.0,669002
2019-04-04,4호선,하차,36.0,21.0,676457
2019-04-04,5호선,승차,36.0,21.0,722890
2019-04-04,5호선,하차,36.0,21.0,715924
2019-04-04,6호선,승차,36.0,21.0,418576
2019-04-04,6호선,하차,36.0,21.0,412509
2019-04-04,7호선,승차,36.0,21.0,851209
2019-04-04,7호선,하차,36.0,21.0,845140
2019-04-04,8호선,승차,36.0,21.0,230349
2019-04-04,8호선,하차,36.0,21.0,229505
2019-04-05,1호선,승차,82.0,27.0,323598
2019-04-05,1호선,하차,82.0,27.0,321747
2019-04-05,2호선,승차,82.0,27.0,1869748
2019-04-05,2호선,하차,82.0,27.0,1906514
2019-04-05,3호선,승차,82.0,27.0,692322
2019-04-05,3호선,하차,82.0,27.0,691341
2019-04-05,4호선,승차,82.0,27.0,690870
2019-04-05,4호선,하차,82.0,27.0,699617
2019-04-05,5호선,승차,82.0,27.0,754451
2019-04-05,5호선,하차,82.0,27.0,746984
2019-04-05,6호선,승차,82.0,27.0,426271
2019-04-05,6호선,하차,82.0,27.0,420732
2019-04-05,7호선,승차,82.0,27.0,867866
2019-04-05,7호선,하차,82.0,27.0,854393
2019-04-05,8호선,승차,82.0,27.0,233069
2019-04-05,8호선,하차,82.0,27.0,233644
2019-04-06,1호선,승차,67.0,22.0,254984
2019-04-06,1호선,하차,67.0,22.0,252928
2019-04-06,2호선,승차,67.0,22.0,1393240
2019-04-06,2호선,하차,67.0,22.0,1411197
2019-04-06,3호선,승차,67.0,22.0,517283
2019-04-06,3호선,하차,67.0,22.0,519105
2019-04-06,4호선,승차,67.0,22.0,518988
2019-04-06,4호선,하차,67.0,22.0,526376
2019-04-06,5호선,승차,67.0,22.0,509081
2019-04-06,5호선,하차,67.0,22.0,504490
2019-04-06,6호선,승차,67.0,22.0,313210
2019-04-06,6호선,하차,67.0,22.0,307788
2019-04-06,7호선,승차,67.0,22.0,602673
2019-04-06,7호선,하차,67.0,22.0,585222
2019-04-06,8호선,승차,67.0,22.0,167092
2019-04-06,8호선,하차,67.0,22.0,168406
2019-04-07,1호선,승차,35.0,18.0,193685
2019-04-07,1호선,하차,35.0,18.0,187649
2019-04-07,2호선,승차,35.0,18.0,1073346
2019-04-07,2호선,하차,35.0,18.0,1071062
2019-04-07,3호선,승차,35.0,18.0,387612
2019-04-07,3호선,하차,35.0,18.0,390016
2019-04-07,4호선,승차,35.0,18.0,399417
2019-04-07,4호선,하차,35.0,18.0,407883
2019-04-07,5호선,승차,35.0,18.0,439823
2019-04-07,5호선,하차,35.0,18.0,446637
2019-04-07,6호선,승차,35.0,18.0,246963
2019-04-07,6호선,하차,35.0,18.0,239419
2019-04-07,7호선,승차,35.0,18.0,493999
2019-04-07,7호선,하차,35.0,18.0,481615
2019-04-07,8호선,승차,35.0,18.0,143590
2019-04-07,8호선,하차,35.0,18.0,148971
2019-04-08,1호선,승차,38.0,14.0,299175
2019-04-08,1호선,하차,38.0,14.0,294818
2019-04-08,2호선,승차,38.0,14.0,1733378
2019-04-08,2호선,하차,38.0,14.0,1756211
2019-04-08,3호선,승차,38.0,14.0,632549
2019-04-08,3호선,하차,38.0,14.0,631497
2019-04-08,4호선,승차,38.0,14.0,648588
2019-04-08,4호선,하차,38.0,14.0,654058
2019-04-08,5호선,승차,38.0,14.0,730578
2019-04-08,5호선,하차,38.0,14.0,727294
2019-04-08,6호선,승차,38.0,14.0,408581
2019-04-08,6호선,하차,38.0,14.0,402410
2019-04-08,7호선,승차,38.0,14.0,849853
2019-04-08,7호선,하차,38.0,14.0,840603
2019-04-08,8호선,승차,38.0,14.0,228551
2019-04-08,8호선,하차,38.0,14.0,229731
2019-04-09,1호선,승차,30.0,12.0,299900
2019-04-09,1호선,하차,30.0,12.0,292456
2019-04-09,2호선,승차,30.0,12.0,1735690
2019-04-09,2호선,하차,30.0,12.0,1744186
2019-04-09,3호선,승차,30.0,12.0,639253
2019-04-09,3호선,하차,30.0,12.0,634405
2019-04-09,4호선,승차,30.0,12.0,652712
2019-04-09,4호선,하차,30.0,12.0,656773
2019-04-09,5호선,승차,30.0,12.0,721869
2019-04-09,5호선,하차,30.0,12.0,717355
2019-04-09,6호선,승차,30.0,12.0,411317
2019-04-09,6호선,하차,30.0,12.0,408589
2019-04-09,7호선,승차,30.0,12.0,842634
2019-04-09,7호선,하차,30.0,12.0,838703
2019-04-09,8호선,승차,30.0,12.0,230356
2019-04-09,8호선,하차,30.0,12.0,230256
2019-04-10,1호선,승차,9.0,8.0,292594
2019-04-10,1호선,하차,9.0,8.0,286503
2019-04-10,2호선,승차,9.0,8.0,1736334
2019-04-10,2호선,하차,9.0,8.0,1760719
2019-04-10,3호선,승차,9.0,8.0,633255
2019-04-10,3호선,하차,9.0,8.0,630017
2019-04-10,4호선,승차,9.0,8.0,652532
2019-04-10,4호선,하차,9.0,8.0,657903
2019-04-10,5호선,승차,9.0,8.0,714296
2019-04-10,5호선,하차,9.0,8.0,707836
2019-04-10,6호선,승차,9.0,8.0,409935
2019-04-10,6호선,하차,9.0,8.0,404763
2019-04-10,7호선,승차,9.0,8.0,835295
2019-04-10,7호선,하차,9.0,8.0,828304
2019-04-10,8호선,승차,9.0,8.0,224692
2019-04-10,8호선,하차,9.0,8.0,225282
2019-04-11,1호선,승차,31.0,21.0,312441
2019-04-11,1호선,하차,31.0,21.0,306925
2019-04-11,2호선,승차,31.0,21.0,1793550
2019-04-11,2호선,하차,31.0,21.0,1818561
2019-04-11,3호선,승차,31.0,21.0,658910
2019-04-11,3호선,하차,31.0,21.0,657795
2019-04-11,4호선,승차,31.0,21.0,673125
2019-04-11,4호선,하차,31.0,21.0,679154
2019-04-11,5호선,승차,31.0,21.0,745849
2019-04-11,5호선,하차,31.0,21.0,741492
2019-04-11,6호선,승차,31.0,21.0,421378
2019-04-11,6호선,하차,31.0,21.0,416005
2019-04-11,7호선,승차,31.0,21.0,858475
2019-04-11,7호선,하차,31.0,21.0,850822
2019-04-11,8호선,승차,31.0,21.0,230711
2019-04-11,8호선,하차,31.0,21.0,231474
2019-04-12,1호선,승차,47.0,31.0,326102
2019-04-12,1호선,하차,47.0,31.0,323242
2019-04-12,2호선,승차,47.0,31.0,1878606
2019-04-12,2호선,하차,47.0,31.0,1914836
2019-04-12,3호선,승차,47.0,31.0,693463
2019-04-12,3호선,하차,47.0,31.0,691162
2019-04-12,4호선,승차,47.0,31.0,695097
2019-04-12,4호선,하차,47.0,31.0,704126
2019-04-12,5호선,승차,47.0,31.0,758309
2019-04-12,5호선,하차,47.0,31.0,753953
2019-04-12,6호선,승차,47.0,31.0,429466
2019-04-12,6호선,하차,47.0,31.0,422852
2019-04-12,7호선,승차,47.0,31.0,874227
2019-04-12,7호선,하차,47.0,31.0,861726
2019-04-12,8호선,승차,47.0,31.0,239820
2019-04-12,8호선,하차,47.0,31.0,239616
2019-04-13,1호선,승차,48.0,33.0,288081
2019-04-13,1호선,하차,48.0,33.0,285443
2019-04-13,2호선,승차,48.0,33.0,1453859
2019-04-13,2호선,하차,48.0,33.0,1474063
2019-04-13,3호선,승차,48.0,33.0,554101
2019-04-13,3호선,하차,48.0,33.0,553793
2019-04-13,4호선,승차,48.0,33.0,562876
2019-04-13,4호선,하차,48.0,33.0,573125
2019-04-13,5호선,승차,48.0,33.0,592753
2019-04-13,5호선,하차,48.0,33.0,588882
2019-04-13,6호선,승차,48.0,33.0,336463
2019-04-13,6호선,하차,48.0,33.0,331428
2019-04-13,7호선,승차,48.0,33.0,654752
2019-04-13,7호선,하차,48.0,33.0,637947
2019-04-13,8호선,승차,48.0,33.0,175142
2019-04-13,8호선,하차,48.0,33.0,177345
2019-04-14,1호선,승차,39.0,23.0,168115
2019-04-14,1호선,하차,39.0,23.0,161581
2019-04-14,2호선,승차,39.0,23.0,931198
2019-04-14,2호선,하차,39.0,23.0,929840
2019-04-14,3호선,승차,39.0,23.0,334163
2019-04-14,3호선,하차,39.0,23.0,336711
2019-04-14,4호선,승차,39.0,23.0,359845
2019-04-14,4호선,하차,39.0,23.0,369187
2019-04-14,5호선,승차,39.0,23.0,336331
2019-04-14,5호선,하차,39.0,23.0,335787
2019-04-14,6호선,승차,39.0,23.0,212860
2019-04-14,6호선,하차,39.0,23.0,208116
2019-04-14,7호선,승차,39.0,23.0,409564
2019-04-14,7호선,하차,39.0,23.0,394827
2019-04-14,8호선,승차,39.0,23.0,115549
2019-04-14,8호선,하차,39.0,23.0,117179
2019-04-15,1호선,승차,49.0,17.0,303633
2019-04-15,1호선,하차,49.0,17.0,299134
2019-04-15,2호선,승차,49.0,17.0,1698599
2019-04-15,2호선,하차,49.0,17.0,1721937
2019-04-15,3호선,승차,49.0,17.0,633860
2019-04-15,3호선,하차,49.0,17.0,633841
2019-04-15,4호선,승차,49.0,17.0,652197
2019-04-15,4호선,하차,49.0,17.0,659648
2019-04-15,5호선,승차,49.0,17.0,705687
2019-04-15,5호선,하차,49.0,17.0,699350
2019-04-15,6호선,승차,49.0,17.0,403655
2019-04-15,6호선,하차,49.0,17.0,397624
2019-04-15,7호선,승차,49.0,17.0,838644
2019-04-15,7호선,하차,49.0,17.0,828927
2019-04-15,8호선,승차,49.0,17.0,220714
2019-04-15,8호선,하차,49.0,17.0,220987
2019-04-16,1호선,승차,48.0,23.0,307145
2019-04-16,1호선,하차,48.0,23.0,302798
2019-04-16,2호선,승차,48.0,23.0,1740413
2019-04-16,2호선,하차,48.0,23.0,1763086
2019-04-16,3호선,승차,48.0,23.0,643019
2019-04-16,3호선,하차,48.0,23.0,642393
2019-04-16,4호선,승차,48.0,23.0,666622
2019-04-16,4호선,하차,48.0,23.0,672230
2019-04-16,5호선,승차,48.0,23.0,722253
2019-04-16,5호선,하차,48.0,23.0,715597
2019-04-16,6호선,승차,48.0,23.0,414232
2019-04-16,6호선,하차,48.0,23.0,407105
2019-04-16,7호선,승차,48.0,23.0,854408
2019-04-16,7호선,하차,48.0,23.0,847249
2019-04-16,8호선,승차,48.0,23.0,225522
2019-04-16,8호선,하차,48.0,23.0,225170
2019-04-17,1호선,승차,42.0,21.0,309194
2019-04-17,1호선,하차,42.0,21.0,302902
2019-04-17,2호선,승차,42.0,21.0,1754064
2019-04-17,2호선,하차,42.0,21.0,1777589
2019-04-17,3호선,승차,42.0,21.0,652939
2019-04-17,3호선,하차,42.0,21.0,651440
2019-04-17,4호선,승차,42.0,21.0,671180
2019-04-17,4호선,하차,42.0,21.0,678068
2019-04-17,5호선,승차,42.0,21.0,732149
2019-04-17,5호선,하차,42.0,21.0,725209
2019-04-17,6호선,승차,42.0,21.0,417698
2019-04-17,6호선,하차,42.0,21.0,411716
2019-04-17,7호선,승차,42.0,21.0,856923
2019-04-17,7호선,하차,42.0,21.0,850139
2019-04-17,8호선,승차,42.0,21.0,226506
2019-04-17,8호선,하차,42.0,21.0,225875
2019-04-18,1호선,승차,37.0,27.0,302697
2019-04-18,1호선,하차,37.0,27.0,297265
2019-04-18,2호선,승차,37.0,27.0,1742550
2019-04-18,2호선,하차,37.0,27.0,1764247
2019-04-18,3호선,승차,37.0,27.0,640749
2019-04-18,3호선,하차,37.0,27.0,638582
2019-04-18,4호선,승차,37.0,27.0,658717
2019-04-18,4호선,하차,37.0,27.0,665271
2019-04-18,5호선,승차,37.0,27.0,686247
2019-04-18,5호선,하차,37.0,27.0,688171
2019-04-18,6호선,승차,37.0,27.0,409930
2019-04-18,6호선,하차,37.0,27.0,404041
2019-04-18,7호선,승차,37.0,27.0,837262
2019-04-18,7호선,하차,37.0,27.0,827043
2019-04-18,8호선,승차,37.0,27.0,225178
2019-04-18,8호선,하차,37.0,27.0,221999
2019-04-19,1호선,승차,47.0,28.0,328313
2019-04-19,1호선,하차,47.0,28.0,322680
2019-04-19,2호선,승차,47.0,28.0,1801661
2019-04-19,2호선,하차,47.0,28.0,1839476
2019-04-19,3호선,승차,47.0,28.0,684464
2019-04-19,3호선,하차,47.0,28.0,683905
2019-04-19,4호선,승차,47.0,28.0,683372
2019-04-19,4호선,하차,47.0,28.0,696276
2019-04-19,5호선,승차,47.0,28.0,738719
2019-04-19,5호선,하차,47.0,28.0,727012
2019-04-19,6호선,승차,47.0,28.0,420785
2019-04-19,6호선,하차,47.0,28.0,416654
2019-04-19,7호선,승차,47.0,28.0,854588
2019-04-19,7호선,하차,47.0,28.0,843252
2019-04-19,8호선,승차,47.0,28.0,233597
2019-04-19,8호선,하차,47.0,28.0,231716
2019-04-20,1호선,승차,47.0,27.0,285428
2019-04-20,1호선,하차,47.0,27.0,286511
2019-04-20,2호선,승차,47.0,27.0,1336006
2019-04-20,2호선,하차,47.0,27.0,1353803
2019-04-20,3호선,승차,47.0,27.0,540185
2019-04-20,3호선,하차,47.0,27.0,539267
2019-04-20,4호선,승차,47.0,27.0,539611
2019-04-20,4호선,하차,47.0,27.0,550063
2019-04-20,5호선,승차,47.0,27.0,531462
2019-04-20,5호선,하차,47.0,27.0,523338
2019-04-20,6호선,승차,47.0,27.0,320068
2019-04-20,6호선,하차,47.0,27.0,314346
2019-04-20,7호선,승차,47.0,27.0,616410
2019-04-20,7호선,하차,47.0,27.0,599994
2019-04-20,8호선,승차,47.0,27.0,159246
2019-04-20,8호선,하차,47.0,27.0,158642
2019-04-21,1호선,승차,37.0,32.0,189806
2019-04-21,1호선,하차,37.0,32.0,184083
2019-04-21,2호선,승차,37.0,32.0,931507
2019-04-21,2호선,하차,37.0,32.0,931505
2019-04-21,3호선,승차,37.0,32.0,357726
2019-04-21,3호선,하차,37.0,32.0,362987
2019-04-21,4호선,승차,37.0,32.0,378701
2019-04-21,4호선,하차,37.0,32.0,386939
2019-04-21,5호선,승차,37.0,32.0,355904
2019-04-21,5호선,하차,37.0,32.0,353444
2019-04-21,6호선,승차,37.0,32.0,233401
2019-04-21,6호선,하차,37.0,32.0,226752
2019-04-21,7호선,승차,37.0,32.0,444348
2019-04-21,7호선,하차,37.0,32.0,431489
2019-04-21,8호선,승차,37.0,32.0,115937
2019-04-21,8호선,하차,37.0,32.0,117886
2019-04-22,1호선,승차,94.0,46.0,299640
2019-04-22,1호선,하차,94.0,46.0,296626
2019-04-22,2호선,승차,94.0,46.0,1680841
2019-04-22,2호선,하차,94.0,46.0,1704351
2019-04-22,3호선,승차,94.0,46.0,626137
2019-04-22,3호선,하차,94.0,46.0,625935
2019-04-22,4호선,승차,94.0,46.0,638068
2019-04-22,4호선,하차,94.0,46.0,643876
2019-04-22,5호선,승차,94.0,46.0,700459
2019-04-22,5호선,하차,94.0,46.0,694034
2019-04-22,6호선,승차,94.0,46.0,397074
2019-04-22,6호선,하차,94.0,46.0,390378
2019-04-22,7호선,승차,94.0,46.0,834225
2019-04-22,7호선,하차,94.0,46.0,824568
2019-04-22,8호선,승차,94.0,46.0,218894
2019-04-22,8호선,하차,94.0,46.0,218762
2019-04-23,1호선,승차,99.0,50.0,298551
2019-04-23,1호선,하차,99.0,50.0,295169
2019-04-23,2호선,승차,99.0,50.0,1701674
2019-04-23,2호선,하차,99.0,50.0,1725129
2019-04-23,3호선,승차,99.0,50.0,631263
2019-04-23,3호선,하차,99.0,50.0,629077
2019-04-23,4호선,승차,99.0,50.0,647003
2019-04-23,4호선,하차,99.0,50.0,651897
2019-04-23,5호선,승차,99.0,50.0,703576
2019-04-23,5호선,하차,99.0,50.0,695502
2019-04-23,6호선,승차,99.0,50.0,404140
2019-04-23,6호선,하차,99.0,50.0,396944
2019-04-23,7호선,승차,99.0,50.0,833098
2019-04-23,7호선,하차,99.0,50.0,826353
2019-04-23,8호선,승차,99.0,50.0,219747
2019-04-23,8호선,하차,99.0,50.0,219605
2019-04-24,1호선,승차,58.0,48.0,302283
2019-04-24,1호선,하차,58.0,48.0,297057
2019-04-24,2호선,승차,58.0,48.0,1737237
2019-04-24,2호선,하차,58.0,48.0,1763773
2019-04-24,3호선,승차,58.0,48.0,639886
2019-04-24,3호선,하차,58.0,48.0,637436
2019-04-24,4호선,승차,58.0,48.0,664072
2019-04-24,4호선,하차,58.0,48.0,669971
2019-04-24,5호선,승차,58.0,48.0,716405
2019-04-24,5호선,하차,58.0,48.0,709201
2019-04-24,6호선,승차,58.0,48.0,409680
2019-04-24,6호선,하차,58.0,48.0,402213
2019-04-24,7호선,승차,58.0,48.0,844507
2019-04-24,7호선,하차,58.0,48.0,836804
2019-04-24,8호선,승차,58.0,48.0,229744
2019-04-24,8호선,하차,58.0,48.0,228498
2019-04-25,1호선,승차,37.0,24.0,299519
2019-04-25,1호선,하차,37.0,24.0,294008
2019-04-25,2호선,승차,37.0,24.0,1743702
2019-04-25,2호선,하차,37.0,24.0,1758022
2019-04-25,3호선,승차,37.0,24.0,647841
2019-04-25,3호선,하차,37.0,24.0,642583
2019-04-25,4호선,승차,37.0,24.0,654958
2019-04-25,4호선,하차,37.0,24.0,660403
2019-04-25,5호선,승차,37.0,24.0,708428
2019-04-25,5호선,하차,37.0,24.0,703679
2019-04-25,6호선,승차,37.0,24.0,407898
2019-04-25,6호선,하차,37.0,24.0,403142
2019-04-25,7호선,승차,37.0,24.0,832163
2019-04-25,7호선,하차,37.0,24.0,827571
2019-04-25,8호선,승차,37.0,24.0,224191
2019-04-25,8호선,하차,37.0,24.0,224912
2019-04-26,1호선,승차,7.0,10.0,319483
2019-04-26,1호선,하차,7.0,10.0,316013
2019-04-26,2호선,승차,7.0,10.0,1854513
2019-04-26,2호선,하차,7.0,10.0,1892486
2019-04-26,3호선,승차,7.0,10.0,690640
2019-04-26,3호선,하차,7.0,10.0,686716
2019-04-26,4호선,승차,7.0,10.0,686030
2019-04-26,4호선,하차,7.0,10.0,695053
2019-04-26,5호선,승차,7.0,10.0,725763
2019-04-26,5호선,하차,7.0,10.0,718671
2019-04-26,6호선,승차,7.0,10.0,423803
2019-04-26,6호선,하차,7.0,10.0,418533
2019-04-26,7호선,승차,7.0,10.0,858265
2019-04-26,7호선,하차,7.0,10.0,845495
2019-04-26,8호선,승차,7.0,10.0,231558
2019-04-26,8호선,하차,7.0,10.0,231864
2019-04-27,1호선,승차,20.0,14.0,292900
2019-04-27,1호선,하차,20.0,14.0,297640
2019-04-27,2호선,승차,20.0,14.0,1456539
2019-04-27,2호선,하차,20.0,14.0,1483845
2019-04-27,3호선,승차,20.0,14.0,569239
2019-04-27,3호선,하차,20.0,14.0,567182
2019-04-27,4호선,승차,20.0,14.0,575915
2019-04-27,4호선,하차,20.0,14.0,587184
2019-04-27,5호선,승차,20.0,14.0,565483
2019-04-27,5호선,하차,20.0,14.0,555409
2019-04-27,6호선,승차,20.0,14.0,338209
2019-04-27,6호선,하차,20.0,14.0,333838
2019-04-27,7호선,승차,20.0,14.0,658518
2019-04-27,7호선,하차,20.0,14.0,637804
2019-04-27,8호선,승차,20.0,14.0,170841
2019-04-27,8호선,하차,20.0,14.0,170446
2019-04-28,1호선,승차,17.0,15.0,195815
2019-04-28,1호선,하차,17.0,15.0,191622
2019-04-28,2호선,승차,17.0,15.0,1018863
2019-04-28,2호선,하차,17.0,15.0,1017140
2019-04-28,3호선,승차,17.0,15.0,380900
2019-04-28,3호선,하차,17.0,15.0,386555
2019-04-28,4호선,승차,17.0,15.0,398760
2019-04-28,4호선,하차,17.0,15.0,410150
2019-04-28,5호선,승차,17.0,15.0,373066
2019-04-28,5호선,하차,17.0,15.0,373748
2019-04-28,6호선,승차,17.0,15.0,244453
2019-04-28,6호선,하차,17.0,15.0,237410
2019-04-28,7호선,승차,17.0,15.0,454582
2019-04-28,7호선,하차,17.0,15.0,441491
2019-04-28,8호선,승차,17.0,15.0,119729
2019-04-28,8호선,하차,17.0,15.0,121958
2019-04-29,1호선,승차,28.0,20.0,305420
2019-04-29,1호선,하차,28.0,20.0,301883
2019-04-29,2호선,승차,28.0,20.0,1730113
2019-04-29,2호선,하차,28.0,20.0,1755657
2019-04-29,3호선,승차,28.0,20.0,640671
2019-04-29,3호선,하차,28.0,20.0,641631
2019-04-29,4호선,승차,28.0,20.0,665285
2019-04-29,4호선,하차,28.0,20.0,673608
2019-04-29,5호선,승차,28.0,20.0,710697
2019-04-29,5호선,하차,28.0,20.0,702528
2019-04-29,6호선,승차,28.0,20.0,407785
2019-04-29,6호선,하차,28.0,20.0,401706
2019-04-29,7호선,승차,28.0,20.0,841650
2019-04-29,7호선,하차,28.0,20.0,832691
2019-04-29,8호선,승차,28.0,20.0,225335
2019-04-29,8호선,하차,28.0,20.0,224482
2019-04-30,1호선,승차,35.0,26.0,320223
2019-04-30,1호선,하차,35.0,26.0,318026
2019-04-30,2호선,승차,35.0,26.0,1828508
2019-04-30,2호선,하차,35.0,26.0,1867053
2019-04-30,3호선,승차,35.0,26.0,671444
2019-04-30,3호선,하차,35.0,26.0,671467
2019-04-30,4호선,승차,35.0,26.0,702880
2019-04-30,4호선,하차,35.0,26.0,710734
2019-04-30,5호선,승차,35.0,26.0,747005
2019-04-30,5호선,하차,35.0,26.0,737054
2019-04-30,6호선,승차,35.0,26.0,430949
2019-04-30,6호선,하차,35.0,26.0,425259
2019-04-30,7호선,승차,35.0,26.0,874063
2019-04-30,7호선,하차,35.0,26.0,864763
2019-04-30,8호선,승차,35.0,26.0,232203
2019-04-30,8호선,하차,35.0,26.0,230588
2019-05-01,1호선,승차,64.0,31.0,267188
2019-05-01,1호선,하차,64.0,31.0,265005
2019-05-01,2호선,승차,64.0,31.0,1316388
2019-05-01,2호선,하차,64.0,31.0,1324443
2019-05-01,3호선,승차,64.0,31.0,505397
2019-05-01,3호선,하차,64.0,31.0,508034
2019-05-01,4호선,승차,64.0,31.0,577161
2019-05-01,4호선,하차,64.0,31.0,581684
2019-05-01,5호선,승차,64.0,31.0,527767
2019-05-01,5호선,하차,64.0,31.0,519703
2019-05-01,6호선,승차,64.0,31.0,335751
2019-05-01,6호선,하차,64.0,31.0,328641
2019-05-01,7호선,승차,64.0,31.0,618052
2019-05-01,7호선,하차,64.0,31.0,607869
2019-05-01,8호선,승차,64.0,31.0,167671
2019-05-01,8호선,하차,64.0,31.0,168538
2019-05-02,1호선,승차,60.0,21.0,318776
2019-05-02,1호선,하차,60.0,21.0,315107
2019-05-02,2호선,승차,60.0,21.0,1812667
2019-05-02,2호선,하차,60.0,21.0,1837104
2019-05-02,3호선,승차,60.0,21.0,662814
2019-05-02,3호선,하차,60.0,21.0,665582
2019-05-02,4호선,승차,60.0,21.0,693542
2019-05-02,4호선,하차,60.0,21.0,698254
2019-05-02,5호선,승차,60.0,21.0,735455
2019-05-02,5호선,하차,60.0,21.0,727825
2019-05-02,6호선,승차,60.0,21.0,426025
2019-05-02,6호선,하차,60.0,21.0,418891
2019-05-02,7호선,승차,60.0,21.0,864454
2019-05-02,7호선,하차,60.0,21.0,856685
2019-05-02,8호선,승차,60.0,21.0,227888
2019-05-02,8호선,하차,60.0,21.0,227709
2019-05-03,1호선,승차,54.0,28.0,336434
2019-05-03,1호선,하차,54.0,28.0,336087
2019-05-03,2호선,승차,54.0,28.0,1917233
2019-05-03,2호선,하차,54.0,28.0,1953511
2019-05-03,3호선,승차,54.0,28.0,713818
2019-05-03,3호선,하차,54.0,28.0,722695
2019-05-03,4호선,승차,54.0,28.0,719341
2019-05-03,4호선,하차,54.0,28.0,726447
2019-05-03,5호선,승차,54.0,28.0,764518
2019-05-03,5호선,하차,54.0,28.0,752712
2019-05-03,6호선,승차,54.0,28.0,440216
2019-05-03,6호선,하차,54.0,28.0,430077
2019-05-03,7호선,승차,54.0,28.0,887999
2019-05-03,7호선,하차,54.0,28.0,873347
2019-05-03,8호선,승차,54.0,28.0,237314
2019-05-03,8호선,하차,54.0,28.0,237265
2019-05-04,1호선,승차,93.0,64.0,322617
2019-05-04,1호선,하차,93.0,64.0,311420
2019-05-04,2호선,승차,93.0,64.0,1473690
2019-05-04,2호선,하차,93.0,64.0,1503835
2019-05-04,3호선,승차,93.0,64.0,549524
2019-05-04,3호선,하차,93.0,64.0,561695
2019-05-04,4호선,승차,93.0,64.0,558768
2019-05-04,4호선,하차,93.0,64.0,563979
2019-05-04,5호선,승차,93.0,64.0,539254
2019-05-04,5호선,하차,93.0,64.0,526306
2019-05-04,6호선,승차,93.0,64.0,322343
2019-05-04,6호선,하차,93.0,64.0,313155
2019-05-04,7호선,승차,93.0,64.0,628912
2019-05-04,7호선,하차,93.0,64.0,610091
2019-05-04,8호선,승차,93.0,64.0,191001
2019-05-04,8호선,하차,93.0,64.0,191454
2019-05-05,1호선,승차,57.0,41.0,214340
2019-05-05,1호선,하차,57.0,41.0,211276
2019-05-05,2호선,승차,57.0,41.0,1037105
2019-05-05,2호선,하차,57.0,41.0,1048043
2019-05-05,3호선,승차,57.0,41.0,385202
2019-05-05,3호선,하차,57.0,41.0,389271
2019-05-05,4호선,승차,57.0,41.0,415791
2019-05-05,4호선,하차,57.0,41.0,423705
2019-05-05,5호선,승차,57.0,41.0,399302
2019-05-05,5호선,하차,57.0,41.0,392897
2019-05-05,6호선,승차,57.0,41.0,252436
2019-05-05,6호선,하차,57.0,41.0,246031
2019-05-05,7호선,승차,57.0,41.0,475092
2019-05-05,7호선,하차,57.0,41.0,459739
2019-05-05,8호선,승차,57.0,41.0,123040
2019-05-05,8호선,하차,57.0,41.0,123048
2019-05-06,1호선,승차,32.0,14.0,212028
2019-05-06,1호선,하차,32.0,14.0,205116
2019-05-06,2호선,승차,32.0,14.0,1034247
2019-05-06,2호선,하차,32.0,14.0,1044256
2019-05-06,3호선,승차,32.0,14.0,409974
2019-05-06,3호선,하차,32.0,14.0,399873
2019-05-06,4호선,승차,32.0,14.0,429707
2019-05-06,4호선,하차,32.0,14.0,439233
2019-05-06,5호선,승차,32.0,14.0,409951
2019-05-06,5호선,하차,32.0,14.0,409798
2019-05-06,6호선,승차,32.0,14.0,252215
2019-05-06,6호선,하차,32.0,14.0,249232
2019-05-06,7호선,승차,32.0,14.0,498805
2019-05-06,7호선,하차,32.0,14.0,487006
2019-05-06,8호선,승차,32.0,14.0,128803
2019-05-06,8호선,하차,32.0,14.0,131479
2019-05-07,1호선,승차,50.0,21.0,302598
2019-05-07,1호선,하차,50.0,21.0,295938
2019-05-07,2호선,승차,50.0,21.0,1732495
2019-05-07,2호선,하차,50.0,21.0,1759872
2019-05-07,3호선,승차,50.0,21.0,642394
2019-05-07,3호선,하차,50.0,21.0,639806
2019-05-07,4호선,승차,50.0,21.0,661554
2019-05-07,4호선,하차,50.0,21.0,668183
2019-05-07,5호선,승차,50.0,21.0,715302
2019-05-07,5호선,하차,50.0,21.0,708295
2019-05-07,6호선,승차,50.0,21.0,411203
2019-05-07,6호선,하차,50.0,21.0,406333
2019-05-07,7호선,승차,50.0,21.0,859782
2019-05-07,7호선,하차,50.0,21.0,852065
2019-05-07,8호선,승차,50.0,21.0,224845
2019-05-07,8호선,하차,50.0,21.0,225335
2019-05-08,1호선,승차,49.0,25.0,297878
2019-05-08,1호선,하차,49.0,25.0,292742
2019-05-08,2호선,승차,49.0,25.0,1735129
2019-05-08,2호선,하차,49.0,25.0,1756520
2019-05-08,3호선,승차,49.0,25.0,644122
2019-05-08,3호선,하차,49.0,25.0,639307
2019-05-08,4호선,승차,49.0,25.0,660564
2019-05-08,4호선,하차,49.0,25.0,666230
2019-05-08,5호선,승차,49.0,25.0,726875
2019-05-08,5호선,하차,49.0,25.0,721132
2019-05-08,6호선,승차,49.0,25.0,418094
2019-05-08,6호선,하차,49.0,25.0,411819
2019-05-08,7호선,승차,49.0,25.0,865291
2019-05-08,7호선,하차,49.0,25.0,859939
2019-05-08,8호선,승차,49.0,25.0,225604
2019-05-08,8호선,하차,49.0,25.0,225742
2019-05-09,1호선,승차,49.0,31.0,308470
2019-05-09,1호선,하차,49.0,31.0,304375
2019-05-09,2호선,승차,49.0,31.0,1785273
2019-05-09,2호선,하차,49.0,31.0,1813847
2019-05-09,3호선,승차,49.0,31.0,659590
2019-05-09,3호선,하차,49.0,31.0,656675
2019-05-09,4호선,승차,49.0,31.0,680332
2019-05-09,4호선,하차,49.0,31.0,685478
2019-05-09,5호선,승차,49.0,31.0,732138
2019-05-09,5호선,하차,49.0,31.0,726016
2019-05-09,6호선,승차,49.0,31.0,421483
2019-05-09,6호선,하차,49.0,31.0,415425
2019-05-09,7호선,승차,49.0,31.0,867887
2019-05-09,7호선,하차,49.0,31.0,862920
2019-05-09,8호선,승차,49.0,31.0,229993
2019-05-09,8호선,하차,49.0,31.0,228450
2019-05-10,1호선,승차,62.0,39.0,325386
2019-05-10,1호선,하차,62.0,39.0,324675
2019-05-10,2호선,승차,62.0,39.0,1895917
2019-05-10,2호선,하차,62.0,39.0,1938133
2019-05-10,3호선,승차,62.0,39.0,704588
2019-05-10,3호선,하차,62.0,39.0,703329
2019-05-10,4호선,승차,62.0,39.0,708688
2019-05-10,4호선,하차,62.0,39.0,715442
2019-05-10,5호선,승차,62.0,39.0,763010
2019-05-10,5호선,하차,62.0,39.0,754737
2019-05-10,6호선,승차,62.0,39.0,436515
2019-05-10,6호선,하차,62.0,39.0,430378
2019-05-10,7호선,승차,62.0,39.0,898788
2019-05-10,7호선,하차,62.0,39.0,887014
2019-05-10,8호선,승차,62.0,39.0,237091
2019-05-10,8호선,하차,62.0,39.0,236456
2019-05-11,1호선,승차,68.0,41.0,278523
2019-05-11,1호선,하차,68.0,41.0,278735
2019-05-11,2호선,승차,68.0,41.0,1435545
2019-05-11,2호선,하차,68.0,41.0,1465680
2019-05-11,3호선,승차,68.0,41.0,571277
2019-05-11,3호선,하차,68.0,41.0,571493
2019-05-11,4호선,승차,68.0,41.0,565669
2019-05-11,4호선,하차,68.0,41.0,575462
2019-05-11,5호선,승차,68.0,41.0,551143
2019-05-11,5호선,하차,68.0,41.0,541642
2019-05-11,6호선,승차,68.0,41.0,344992
2019-05-11,6호선,하차,68.0,41.0,339772
2019-05-11,7호선,승차,68.0,41.0,643635
2019-05-11,7호선,하차,68.0,41.0,623306
2019-05-11,8호선,승차,68.0,41.0,169193
2019-05-11,8호선,하차,68.0,41.0,169256
2019-05-12,1호선,승차,53.0,38.0,202531
2019-05-12,1호선,하차,53.0,38.0,196932
2019-05-12,2호선,승차,53.0,38.0,1026329
2019-05-12,2호선,하차,53.0,38.0,1026968
2019-05-12,3호선,승차,53.0,38.0,406397
2019-05-12,3호선,하차,53.0,38.0,409067
2019-05-12,4호선,승차,53.0,38.0,412348
2019-05-12,4호선,하차,53.0,38.0,421127
2019-05-12,5호선,승차,53.0,38.0,387583
2019-05-12,5호선,하차,53.0,38.0,385673
2019-05-12,6호선,승차,53.0,38.0,242358
2019-05-12,6호선,하차,53.0,38.0,236913
2019-05-12,7호선,승차,53.0,38.0,479487
2019-05-12,7호선,하차,53.0,38.0,468272
2019-05-12,8호선,승차,53.0,38.0,124397
2019-05-12,8호선,하차,53.0,38.0,126701
2019-05-13,1호선,승차,54.0,39.0,295215
2019-05-13,1호선,하차,54.0,39.0,291949
2019-05-13,2호선,승차,54.0,39.0,1695610
2019-05-13,2호선,하차,54.0,39.0,1721866
2019-05-13,3호선,승차,54.0,39.0,628296
2019-05-13,3호선,하차,54.0,39.0,627902
2019-05-13,4호선,승차,54.0,39.0,643322
2019-05-13,4호선,하차,54.0,39.0,649772
2019-05-13,5호선,승차,54.0,39.0,702994
2019-05-13,5호선,하차,54.0,39.0,695207
2019-05-13,6호선,승차,54.0,39.0,402062
2019-05-13,6호선,하차,54.0,39.0,396277
2019-05-13,7호선,승차,54.0,39.0,841433
2019-05-13,7호선,하차,54.0,39.0,832202
2019-05-13,8호선,승차,54.0,39.0,221015
2019-05-13,8호선,하차,54.0,39.0,220608
2019-05-14,1호선,승차,47.0,39.0,305343
2019-05-14,1호선,하차,47.0,39.0,301998
2019-05-14,2호선,승차,47.0,39.0,1764593
2019-05-14,2호선,하차,47.0,39.0,1788263
2019-05-14,3호선,승차,47.0,39.0,649177
2019-05-14,3호선,하차,47.0,39.0,646195
2019-05-14,4호선,승차,47.0,39.0,671238
2019-05-14,4호선,하차,47.0,39.0,678605
2019-05-14,5호선,승차,47.0,39.0,726736
2019-05-14,5호선,하차,47.0,39.0,717578
2019-05-14,6호선,승차,47.0,39.0,421745
2019-05-14,6호선,하차,47.0,39.0,414866
2019-05-14,7호선,승차,47.0,39.0,862825
2019-05-14,7호선,하차,47.0,39.0,857301
2019-05-14,8호선,승차,47.0,39.0,232837
2019-05-14,8호선,하차,47.0,39.0,230823
2019-05-15,1호선,승차,66.0,50.0,309558
2019-05-15,1호선,하차,66.0,50.0,305342
2019-05-15,2호선,승차,66.0,50.0,1810689
2019-05-15,2호선,하차,66.0,50.0,1841817
2019-05-15,3호선,승차,66.0,50.0,667037
2019-05-15,3호선,하차,66.0,50.0,664148
2019-05-15,4호선,승차,66.0,50.0,688238
2019-05-15,4호선,하차,66.0,50.0,693589
2019-05-15,5호선,승차,66.0,50.0,760572
2019-05-15,5호선,하차,66.0,50.0,752687
2019-05-15,6호선,승차,66.0,50.0,432121
2019-05-15,6호선,하차,66.0,50.0,426712
2019-05-15,7호선,승차,66.0,50.0,882097
2019-05-15,7호선,하차,66.0,50.0,873629
2019-05-15,8호선,승차,66.0,50.0,238708
2019-05-15,8호선,하차,66.0,50.0,238214
2019-05-16,1호선,승차,67.0,48.0,307242
2019-05-16,1호선,하차,67.0,48.0,303607
2019-05-16,2호선,승차,67.0,48.0,1806562
2019-05-16,2호선,하차,67.0,48.0,1842049
2019-05-16,3호선,승차,67.0,48.0,654922
2019-05-16,3호선,하차,67.0,48.0,651512
2019-05-16,4호선,승차,67.0,48.0,673362
2019-05-16,4호선,하차,67.0,48.0,679781
2019-05-16,5호선,승차,67.0,48.0,725016
2019-05-16,5호선,하차,67.0,48.0,716631
2019-05-16,6호선,승차,67.0,48.0,425653
2019-05-16,6호선,하차,67.0,48.0,420145
2019-05-16,7호선,승차,67.0,48.0,862931
2019-05-16,7호선,하차,67.0,48.0,855612
2019-05-16,8호선,승차,67.0,48.0,226626
2019-05-16,8호선,하차,67.0,48.0,225441
2019-05-17,1호선,승차,57.0,43.0,320791
2019-05-17,1호선,하차,57.0,43.0,318786
2019-05-17,2호선,승차,57.0,43.0,1862935
2019-05-17,2호선,하차,57.0,43.0,1907186
2019-05-17,3호선,승차,57.0,43.0,696998
2019-05-17,3호선,하차,57.0,43.0,692689
2019-05-17,4호선,승차,57.0,43.0,700188
2019-05-17,4호선,하차,57.0,43.0,710632
2019-05-17,5호선,승차,57.0,43.0,743563
2019-05-17,5호선,하차,57.0,43.0,733881
2019-05-17,6호선,승차,57.0,43.0,435141
2019-05-17,6호선,하차,57.0,43.0,431033
2019-05-17,7호선,승차,57.0,43.0,878461
2019-05-17,7호선,하차,57.0,43.0,867165
2019-05-17,8호선,승차,57.0,43.0,235109
2019-05-17,8호선,하차,57.0,43.0,234113
2019-05-18,1호선,승차,30.0,17.0,275490
2019-05-18,1호선,하차,30.0,17.0,276285
2019-05-18,2호선,승차,30.0,17.0,1413970
2019-05-18,2호선,하차,30.0,17.0,1441707
2019-05-18,3호선,승차,30.0,17.0,547679
2019-05-18,3호선,하차,30.0,17.0,548637
2019-05-18,4호선,승차,30.0,17.0,556468
2019-05-18,4호선,하차,30.0,17.0,567937
2019-05-18,5호선,승차,30.0,17.0,539514
2019-05-18,5호선,하차,30.0,17.0,529523
2019-05-18,6호선,승차,30.0,17.0,361272
2019-05-18,6호선,하차,30.0,17.0,362912
2019-05-18,7호선,승차,30.0,17.0,635134
2019-05-18,7호선,하차,30.0,17.0,614877
2019-05-18,8호선,승차,30.0,17.0,164634
2019-05-18,8호선,하차,30.0,17.0,163509
2019-05-19,1호선,승차,7.0,13.0,164640
2019-05-19,1호선,하차,7.0,13.0,160300
2019-05-19,2호선,승차,7.0,13.0,935606
2019-05-19,2호선,하차,7.0,13.0,932755
2019-05-19,3호선,승차,7.0,13.0,346957
2019-05-19,3호선,하차,7.0,13.0,348577
2019-05-19,4호선,승차,7.0,13.0,364286
2019-05-19,4호선,하차,7.0,13.0,373480
2019-05-19,5호선,승차,7.0,13.0,331974
2019-05-19,5호선,하차,7.0,13.0,328326
2019-05-19,6호선,승차,7.0,13.0,221533
2019-05-19,6호선,하차,7.0,13.0,221936
2019-05-19,7호선,승차,7.0,13.0,414715
2019-05-19,7호선,하차,7.0,13.0,400840
2019-05-19,8호선,승차,7.0,13.0,118077
2019-05-19,8호선,하차,7.0,13.0,119661
2019-05-20,1호선,승차,39.0,17.0,300509
2019-05-20,1호선,하차,39.0,17.0,297797
2019-05-20,2호선,승차,39.0,17.0,1706030
2019-05-20,2호선,하차,39.0,17.0,1732631
2019-05-20,3호선,승차,39.0,17.0,629455
2019-05-20,3호선,하차,39.0,17.0,629516
2019-05-20,4호선,승차,39.0,17.0,648365
2019-05-20,4호선,하차,39.0,17.0,654024
2019-05-20,5호선,승차,39.0,17.0,706347
2019-05-20,5호선,하차,39.0,17.0,698474
2019-05-20,6호선,승차,39.0,17.0,405487
2019-05-20,6호선,하차,39.0,17.0,399801
2019-05-20,7호선,승차,39.0,17.0,844355
2019-05-20,7호선,하차,39.0,17.0,834075
2019-05-20,8호선,승차,39.0,17.0,221863
2019-05-20,8호선,하차,39.0,17.0,221135
2019-05-21,1호선,승차,49.0,23.0,306849
2019-05-21,1호선,하차,49.0,23.0,303405
2019-05-21,2호선,승차,49.0,23.0,1758296
2019-05-21,2호선,하차,49.0,23.0,1783229
2019-05-21,3호선,승차,49.0,23.0,647710
2019-05-21,3호선,하차,49.0,23.0,646656
2019-05-21,4호선,승차,49.0,23.0,667269
2019-05-21,4호선,하차,49.0,23.0,673883
2019-05-21,5호선,승차,49.0,23.0,720919
2019-05-21,5호선,하차,49.0,23.0,712739
2019-05-21,6호선,승차,49.0,23.0,420999
2019-05-21,6호선,하차,49.0,23.0,414819
2019-05-21,7호선,승차,49.0,23.0,861085
2019-05-21,7호선,하차,49.0,23.0,852158
2019-05-21,8호선,승차,49.0,23.0,226423
2019-05-21,8호선,하차,49.0,23.0,225558
2019-05-22,1호선,승차,57.0,28.0,306135
2019-05-22,1호선,하차,57.0,28.0,301153
2019-05-22,2호선,승차,57.0,28.0,1767286
2019-05-22,2호선,하차,57.0,28.0,1791058
2019-05-22,3호선,승차,57.0,28.0,653233
2019-05-22,3호선,하차,57.0,28.0,652056
2019-05-22,4호선,승차,57.0,28.0,671588
2019-05-22,4호선,하차,57.0,28.0,677358
2019-05-22,5호선,승차,57.0,28.0,726974
2019-05-22,5호선,하차,57.0,28.0,718965
2019-05-22,6호선,승차,57.0,28.0,425400
2019-05-22,6호선,하차,57.0,28.0,419914
2019-05-22,7호선,승차,57.0,28.0,858991
2019-05-22,7호선,하차,57.0,28.0,852849
2019-05-22,8호선,승차,57.0,28.0,226592
2019-05-22,8호선,하차,57.0,28.0,225206
2019-05-23,1호선,승차,72.0,40.0,308032
2019-05-23,1호선,하차,72.0,40.0,304846
2019-05-23,2호선,승차,72.0,40.0,1773703
2019-05-23,2호선,하차,72.0,40.0,1801815
2019-05-23,3호선,승차,72.0,40.0,655073
2019-05-23,3호선,하차,72.0,40.0,654635
2019-05-23,4호선,승차,72.0,40.0,672724
2019-05-23,4호선,하차,72.0,40.0,679547
2019-05-23,5호선,승차,72.0,40.0,723677
2019-05-23,5호선,하차,72.0,40.0,716124
2019-05-23,6호선,승차,72.0,40.0,422567
2019-05-23,6호선,하차,72.0,40.0,417231
2019-05-23,7호선,승차,72.0,40.0,861158
2019-05-23,7호선,하차,72.0,40.0,853222
2019-05-23,8호선,승차,72.0,40.0,227145
2019-05-23,8호선,하차,72.0,40.0,225886
2019-05-24,1호선,승차,79.0,48.0,324615
2019-05-24,1호선,하차,79.0,48.0,322538
2019-05-24,2호선,승차,79.0,48.0,1874348
2019-05-24,2호선,하차,79.0,48.0,1916172
2019-05-24,3호선,승차,79.0,48.0,696027
2019-05-24,3호선,하차,79.0,48.0,694016
2019-05-24,4호선,승차,79.0,48.0,698185
2019-05-24,4호선,하차,79.0,48.0,707516
2019-05-24,5호선,승차,79.0,48.0,746934
2019-05-24,5호선,하차,79.0,48.0,737181
2019-05-24,6호선,승차,79.0,48.0,438086
2019-05-24,6호선,하차,79.0,48.0,437867
2019-05-24,7호선,승차,79.0,48.0,893956
2019-05-24,7호선,하차,79.0,48.0,880233
2019-05-24,8호선,승차,79.0,48.0,238545
2019-05-24,8호선,하차,79.0,48.0,236382
2019-05-25,1호선,승차,96.0,63.0,278525
2019-05-25,1호선,하차,96.0,63.0,280441
2019-05-25,2호선,승차,96.0,63.0,1431134
2019-05-25,2호선,하차,96.0,63.0,1458771
2019-05-25,3호선,승차,96.0,63.0,552658
2019-05-25,3호선,하차,96.0,63.0,549795
2019-05-25,4호선,승차,96.0,63.0,552324
2019-05-25,4호선,하차,96.0,63.0,563517
2019-05-25,5호선,승차,96.0,63.0,544251
2019-05-25,5호선,하차,96.0,63.0,531899
2019-05-25,6호선,승차,96.0,63.0,347872
2019-05-25,6호선,하차,96.0,63.0,350671
2019-05-25,7호선,승차,96.0,63.0,664080
2019-05-25,7호선,하차,96.0,63.0,641530
2019-05-25,8호선,승차,96.0,63.0,173328
2019-05-25,8호선,하차,96.0,63.0,177027
2019-05-26,1호선,승차,38.0,21.0,190512
2019-05-26,1호선,하차,38.0,21.0,185882
2019-05-26,2호선,승차,38.0,21.0,1037299
2019-05-26,2호선,하차,38.0,21.0,1039107
2019-05-26,3호선,승차,38.0,21.0,377716
2019-05-26,3호선,하차,38.0,21.0,381707
2019-05-26,4호선,승차,38.0,21.0,406186
2019-05-26,4호선,하차,38.0,21.0,416321
2019-05-26,5호선,승차,38.0,21.0,382027
2019-05-26,5호선,하차,38.0,21.0,376267
2019-05-26,6호선,승차,38.0,21.0,255575
2019-05-26,6호선,하차,38.0,21.0,254595
2019-05-26,7호선,승차,38.0,21.0,495048
2019-05-26,7호선,하차,38.0,21.0,480617
2019-05-26,8호선,승차,38.0,21.0,124115
2019-05-26,8호선,하차,38.0,21.0,126244
2019-05-27,1호선,승차,21.0,15.0,277592
2019-05-27,1호선,하차,21.0,15.0,273955
2019-05-27,2호선,승차,21.0,15.0,1638682
2019-05-27,2호선,하차,21.0,15.0,1662903
2019-05-27,3호선,승차,21.0,15.0,600497
2019-05-27,3호선,하차,21.0,15.0,600387
2019-05-27,4호선,승차,21.0,15.0,614543
2019-05-27,4호선,하차,21.0,15.0,620834
2019-05-27,5호선,승차,21.0,15.0,673045
2019-05-27,5호선,하차,21.0,15.0,665033
2019-05-27,6호선,승차,21.0,15.0,386462
2019-05-27,6호선,하차,21.0,15.0,380746
2019-05-27,7호선,승차,21.0,15.0,809233
2019-05-27,7호선,하차,21.0,15.0,798644
2019-05-27,8호선,승차,21.0,15.0,212349
2019-05-27,8호선,하차,21.0,15.0,211640
2019-05-28,1호선,승차,22.0,9.0,305196
2019-05-28,1호선,하차,22.0,9.0,302513
2019-05-28,2호선,승차,22.0,9.0,1750656
2019-05-28,2호선,하차,22.0,9.0,1775716
2019-05-28,3호선,승차,22.0,9.0,644096
2019-05-28,3호선,하차,22.0,9.0,642513
2019-05-28,4호선,승차,22.0,9.0,665419
2019-05-28,4호선,하차,22.0,9.0,671606
2019-05-28,5호선,승차,22.0,9.0,723222
2019-05-28,5호선,하차,22.0,9.0,715648
2019-05-28,6호선,승차,22.0,9.0,422501
2019-05-28,6호선,하차,22.0,9.0,416352
2019-05-28,7호선,승차,22.0,9.0,859400
2019-05-28,7호선,하차,22.0,9.0,851961
2019-05-28,8호선,승차,22.0,9.0,225650
2019-05-28,8호선,하차,22.0,9.0,224318
2019-05-29,1호선,승차,50.0,25.0,302574
2019-05-29,1호선,하차,50.0,25.0,299890
2019-05-29,2호선,승차,50.0,25.0,1764042
2019-05-29,2호선,하차,50.0,25.0,1791225
2019-05-29,3호선,승차,50.0,25.0,644067
2019-05-29,3호선,하차,50.0,25.0,643394
2019-05-29,4호선,승차,50.0,25.0,665746
2019-05-29,4호선,하차,50.0,25.0,668923
2019-05-29,5호선,승차,50.0,25.0,724420
2019-05-29,5호선,하차,50.0,25.0,716644
2019-05-29,6호선,승차,50.0,25.0,417836
2019-05-29,6호선,하차,50.0,25.0,411882
2019-05-29,7호선,승차,50.0,25.0,853770
2019-05-29,7호선,하차,50.0,25.0,846135
2019-05-29,8호선,승차,50.0,25.0,229829
2019-05-29,8호선,하차,50.0,25.0,227818
2019-05-30,1호선,승차,48.0,25.0,301663
2019-05-30,1호선,하차,48.0,25.0,297980
2019-05-30,2호선,승차,48.0,25.0,1757469
2019-05-30,2호선,하차,48.0,25.0,1781832
2019-05-30,3호선,승차,48.0,25.0,646905
2019-05-30,3호선,하차,48.0,25.0,644568
2019-05-30,4호선,승차,48.0,25.0,667610
2019-05-30,4호선,하차,48.0,25.0,673660
2019-05-30,5호선,승차,48.0,25.0,715122
2019-05-30,5호선,하차,48.0,25.0,708603
2019-05-30,6호선,승차,48.0,25.0,414902
2019-05-30,6호선,하차,48.0,25.0,409215
2019-05-30,7호선,승차,48.0,25.0,850105
2019-05-30,7호선,하차,48.0,25.0,843850
2019-05-30,8호선,승차,48.0,25.0,225517
2019-05-30,8호선,하차,48.0,25.0,224730
2019-05-31,1호선,승차,21.0,11.0,319849
2019-05-31,1호선,하차,21.0,11.0,318485
2019-05-31,2호선,승차,21.0,11.0,1826537
2019-05-31,2호선,하차,21.0,11.0,1867242
2019-05-31,3호선,승차,21.0,11.0,682574
2019-05-31,3호선,하차,21.0,11.0,681615
2019-05-31,4호선,승차,21.0,11.0,691278
2019-05-31,4호선,하차,21.0,11.0,701950
2019-05-31,5호선,승차,21.0,11.0,726554
2019-05-31,5호선,하차,21.0,11.0,721803
2019-05-31,6호선,승차,21.0,11.0,393630
2019-05-31,6호선,하차,21.0,11.0,418915
2019-05-31,7호선,승차,21.0,11.0,867892
2019-05-31,7호선,하차,21.0,11.0,857100
2019-05-31,8호선,승차,21.0,11.0,231242
2019-05-31,8호선,하차,21.0,11.0,230036
2019-06-01,1호선,승차,36.0,26.0,285693
2019-06-01,1호선,하차,36.0,26.0,288990
2019-06-01,2호선,승차,36.0,26.0,1381334
2019-06-01,2호선,하차,36.0,26.0,1406124
2019-06-01,3호선,승차,36.0,26.0,528098
2019-06-01,3호선,하차,36.0,26.0,528794
2019-06-01,4호선,승차,36.0,26.0,555268
2019-06-01,4호선,하차,36.0,26.0,564578
2019-06-01,5호선,승차,36.0,26.0,521879
2019-06-01,5호선,하차,36.0,26.0,507091
2019-06-01,6호선,승차,36.0,26.0,323789
2019-06-01,6호선,하차,36.0,26.0,318479
2019-06-01,7호선,승차,36.0,26.0,621525
2019-06-01,7호선,하차,36.0,26.0,601671
2019-06-01,8호선,승차,36.0,26.0,163884
2019-06-01,8호선,하차,36.0,26.0,163271
2019-06-02,1호선,승차,41.0,24.0,185181
2019-06-02,1호선,하차,41.0,24.0,180241
2019-06-02,2호선,승차,41.0,24.0,964753
2019-06-02,2호선,하차,41.0,24.0,962272
2019-06-02,3호선,승차,41.0,24.0,357762
2019-06-02,3호선,하차,41.0,24.0,362056
2019-06-02,4호선,승차,41.0,24.0,388659
2019-06-02,4호선,하차,41.0,24.0,398942
2019-06-02,5호선,승차,41.0,24.0,361105
2019-06-02,5호선,하차,41.0,24.0,357770
2019-06-02,6호선,승차,41.0,24.0,237276
2019-06-02,6호선,하차,41.0,24.0,229078
2019-06-02,7호선,승차,41.0,24.0,454153
2019-06-02,7호선,하차,41.0,24.0,442933
2019-06-02,8호선,승차,41.0,24.0,120845
2019-06-02,8호선,하차,41.0,24.0,122758
2019-06-03,1호선,승차,43.0,22.0,293071
2019-06-03,1호선,하차,43.0,22.0,291199
2019-06-03,2호선,승차,43.0,22.0,1681982
2019-06-03,2호선,하차,43.0,22.0,1709141
2019-06-03,3호선,승차,43.0,22.0,624870
2019-06-03,3호선,하차,43.0,22.0,624013
2019-06-03,4호선,승차,43.0,22.0,640022
2019-06-03,4호선,하차,43.0,22.0,645256
2019-06-03,5호선,승차,43.0,22.0,696108
2019-06-03,5호선,하차,43.0,22.0,689482
2019-06-03,6호선,승차,43.0,22.0,400428
2019-06-03,6호선,하차,43.0,22.0,393880
2019-06-03,7호선,승차,43.0,22.0,837671
2019-06-03,7호선,하차,43.0,22.0,827351
2019-06-03,8호선,승차,43.0,22.0,220166
2019-06-03,8호선,하차,43.0,22.0,219485
2019-06-04,1호선,승차,27.0,17.0,297596
2019-06-04,1호선,하차,27.0,17.0,294378
2019-06-04,2호선,승차,27.0,17.0,1729973
2019-06-04,2호선,하차,27.0,17.0,1753361
2019-06-04,3호선,승차,27.0,17.0,637063
2019-06-04,3호선,하차,27.0,17.0,634980
2019-06-04,4호선,승차,27.0,17.0,655584
2019-06-04,4호선,하차,27.0,17.0,660841
2019-06-04,5호선,승차,27.0,17.0,711764
2019-06-04,5호선,하차,27.0,17.0,703754
2019-06-04,6호선,승차,27.0,17.0,409200
2019-06-04,6호선,하차,27.0,17.0,402659
2019-06-04,7호선,승차,27.0,17.0,851095
2019-06-04,7호선,하차,27.0,17.0,844272
2019-06-04,8호선,승차,27.0,17.0,227290
2019-06-04,8호선,하차,27.0,17.0,225512
2019-06-05,1호선,승차,64.0,47.0,312829
2019-06-05,1호선,하차,64.0,47.0,312276
2019-06-05,2호선,승차,64.0,47.0,1801875
2019-06-05,2호선,하차,64.0,47.0,1841456
2019-06-05,3호선,승차,64.0,47.0,667635
2019-06-05,3호선,하차,64.0,47.0,667526
2019-06-05,4호선,승차,64.0,47.0,682165
2019-06-05,4호선,하차,64.0,47.0,689980
2019-06-05,5호선,승차,64.0,47.0,735564
2019-06-05,5호선,하차,64.0,47.0,724444
2019-06-05,6호선,승차,64.0,47.0,429567
2019-06-05,6호선,하차,64.0,47.0,424790
2019-06-05,7호선,승차,64.0,47.0,867970
2019-06-05,7호선,하차,64.0,47.0,857078
2019-06-05,8호선,승차,64.0,47.0,230010
2019-06-05,8호선,하차,64.0,47.0,227761
2019-06-06,1호선,승차,67.0,50.0,209277
2019-06-06,1호선,하차,67.0,50.0,211468
2019-06-06,2호선,승차,67.0,50.0,1029436
2019-06-06,2호선,하차,67.0,50.0,1032147
2019-06-06,3호선,승차,67.0,50.0,378346
2019-06-06,3호선,하차,67.0,50.0,382986
2019-06-06,4호선,승차,67.0,50.0,460265
2019-06-06,4호선,하차,67.0,50.0,473830
2019-06-06,5호선,승차,67.0,50.0,381945
2019-06-06,5호선,하차,67.0,50.0,375269
2019-06-06,6호선,승차,67.0,50.0,254163
2019-06-06,6호선,하차,67.0,50.0,246634
2019-06-06,7호선,승차,67.0,50.0,460497
2019-06-06,7호선,하차,67.0,50.0,449785
2019-06-06,8호선,승차,67.0,50.0,129355
2019-06-06,8호선,하차,67.0,50.0,129749
2019-06-07,1호선,승차,11.0,9.0,285413
2019-06-07,1호선,하차,11.0,9.0,284540
2019-06-07,2호선,승차,11.0,9.0,1626383
2019-06-07,2호선,하차,11.0,9.0,1659368
2019-06-07,3호선,승차,11.0,9.0,590998
2019-06-07,3호선,하차,11.0,9.0,592181
2019-06-07,4호선,승차,11.0,9.0,619993
2019-06-07,4호선,하차,11.0,9.0,629502
2019-06-07,5호선,승차,11.0,9.0,635713
2019-06-07,5호선,하차,11.0,9.0,627349
2019-06-07,6호선,승차,11.0,9.0,379614
2019-06-07,6호선,하차,11.0,9.0,373176
2019-06-07,7호선,승차,11.0,9.0,755684
2019-06-07,7호선,하차,11.0,9.0,742811
2019-06-07,8호선,승차,11.0,9.0,202646
2019-06-07,8호선,하차,11.0,9.0,201880
2019-06-08,1호선,승차,26.0,17.0,260690
2019-06-08,1호선,하차,26.0,17.0,260566
2019-06-08,2호선,승차,26.0,17.0,1299583
2019-06-08,2호선,하차,26.0,17.0,1324062
2019-06-08,3호선,승차,26.0,17.0,501411
2019-06-08,3호선,하차,26.0,17.0,502782
2019-06-08,4호선,승차,26.0,17.0,523892
2019-06-08,4호선,하차,26.0,17.0,533844
2019-06-08,5호선,승차,26.0,17.0,490712
2019-06-08,5호선,하차,26.0,17.0,480301
2019-06-08,6호선,승차,26.0,17.0,302776
2019-06-08,6호선,하차,26.0,17.0,296934
2019-06-08,7호선,승차,26.0,17.0,585872
2019-06-08,7호선,하차,26.0,17.0,567702
2019-06-08,8호선,승차,26.0,17.0,156131
2019-06-08,8호선,하차,26.0,17.0,155754
2019-06-09,1호선,승차,50.0,40.0,171209
2019-06-09,1호선,하차,50.0,40.0,165857
2019-06-09,2호선,승차,50.0,40.0,890168
2019-06-09,2호선,하차,50.0,40.0,890682
2019-06-09,3호선,승차,50.0,40.0,340065
2019-06-09,3호선,하차,50.0,40.0,340932
2019-06-09,4호선,승차,50.0,40.0,362181
2019-06-09,4호선,하차,50.0,40.0,371026
2019-06-09,5호선,승차,50.0,40.0,324760
2019-06-09,5호선,하차,50.0,40.0,324143
2019-06-09,6호선,승차,50.0,40.0,214016
2019-06-09,6호선,하차,50.0,40.0,206950
2019-06-09,7호선,승차,50.0,40.0,414298
2019-06-09,7호선,하차,50.0,40.0,404013
2019-06-09,8호선,승차,50.0,40.0,114210
2019-06-09,8호선,하차,50.0,40.0,115085
2019-06-10,1호선,승차,12.0,8.0,288013
2019-06-10,1호선,하차,12.0,8.0,285905
2019-06-10,2호선,승차,12.0,8.0,1652321
2019-06-10,2호선,하차,12.0,8.0,1679504
2019-06-10,3호선,승차,12.0,8.0,616487
2019-06-10,3호선,하차,12.0,8.0,615510
2019-06-10,4호선,승차,12.0,8.0,625602
2019-06-10,4호선,하차,12.0,8.0,631339
2019-06-10,5호선,승차,12.0,8.0,684919
2019-06-10,5호선,하차,12.0,8.0,677574
2019-06-10,6호선,승차,12.0,8.0,392335
2019-06-10,6호선,하차,12.0,8.0,385592
2019-06-10,7호선,승차,12.0,8.0,819137
2019-06-10,7호선,하차,12.0,8.0,809578
2019-06-10,8호선,승차,12.0,8.0,216723
2019-06-10,8호선,하차,12.0,8.0,215800
2019-06-11,1호선,승차,13.0,7.0,298567
2019-06-11,1호선,하차,13.0,7.0,294957
2019-06-11,2호선,승차,13.0,7.0,1717764
2019-06-11,2호선,하차,13.0,7.0,1741963
2019-06-11,3호선,승차,13.0,7.0,636241
2019-06-11,3호선,하차,13.0,7.0,633815
2019-06-11,4호선,승차,13.0,7.0,647876
2019-06-11,4호선,하차,13.0,7.0,654444
2019-06-11,5호선,승차,13.0,7.0,709775
2019-06-11,5호선,하차,13.0,7.0,702172
2019-06-11,6호선,승차,13.0,7.0,440309
2019-06-11,6호선,하차,13.0,7.0,439055
2019-06-11,7호선,승차,13.0,7.0,839329
2019-06-11,7호선,하차,13.0,7.0,831484
2019-06-11,8호선,승차,13.0,7.0,222815
2019-06-11,8호선,하차,13.0,7.0,221870
2019-06-12,1호선,승차,37.0,22.0,296193
2019-06-12,1호선,하차,37.0,22.0,293318
2019-06-12,2호선,승차,37.0,22.0,1729824
2019-06-12,2호선,하차,37.0,22.0,1754511
2019-06-12,3호선,승차,37.0,22.0,640380
2019-06-12,3호선,하차,37.0,22.0,637403
2019-06-12,4호선,승차,37.0,22.0,654158
2019-06-12,4호선,하차,37.0,22.0,661171
2019-06-12,5호선,승차,37.0,22.0,715815
2019-06-12,5호선,하차,37.0,22.0,708464
2019-06-12,6호선,승차,37.0,22.0,408893
2019-06-12,6호선,하차,37.0,22.0,401960
2019-06-12,7호선,승차,37.0,22.0,838660
2019-06-12,7호선,하차,37.0,22.0,831909
2019-06-12,8호선,승차,37.0,22.0,224612
2019-06-12,8호선,하차,37.0,22.0,223416
2019-06-13,1호선,승차,32.0,20.0,303282
2019-06-13,1호선,하차,32.0,20.0,300175
2019-06-13,2호선,승차,32.0,20.0,1744416
2019-06-13,2호선,하차,32.0,20.0,1771078
2019-06-13,3호선,승차,32.0,20.0,647938
2019-06-13,3호선,하차,32.0,20.0,645472
2019-06-13,4호선,승차,32.0,20.0,660062
2019-06-13,4호선,하차,32.0,20.0,668100
2019-06-13,5호선,승차,32.0,20.0,711666
2019-06-13,5호선,하차,32.0,20.0,704697
2019-06-13,6호선,승차,32.0,20.0,410589
2019-06-13,6호선,하차,32.0,20.0,404470
2019-06-13,7호선,승차,32.0,20.0,840115
2019-06-13,7호선,하차,32.0,20.0,832678
2019-06-13,8호선,승차,32.0,20.0,223520
2019-06-13,8호선,하차,32.0,20.0,222090
2019-06-14,1호선,승차,40.0,26.0,316171
2019-06-14,1호선,하차,40.0,26.0,314920
2019-06-14,2호선,승차,40.0,26.0,1802499
2019-06-14,2호선,하차,40.0,26.0,1842553
2019-06-14,3호선,승차,40.0,26.0,680942
2019-06-14,3호선,하차,40.0,26.0,677810
2019-06-14,4호선,승차,40.0,26.0,672896
2019-06-14,4호선,하차,40.0,26.0,683324
2019-06-14,5호선,승차,40.0,26.0,724853
2019-06-14,5호선,하차,40.0,26.0,714831
2019-06-14,6호선,승차,40.0,26.0,417240
2019-06-14,6호선,하차,40.0,26.0,411509
2019-06-14,7호선,승차,40.0,26.0,849390
2019-06-14,7호선,하차,40.0,26.0,836815
2019-06-14,8호선,승차,40.0,26.0,231607
2019-06-14,8호선,하차,40.0,26.0,229200
2019-06-15,1호선,승차,41.0,21.0,262950
2019-06-15,1호선,하차,41.0,21.0,265188
2019-06-15,2호선,승차,41.0,21.0,1345938
2019-06-15,2호선,하차,41.0,21.0,1370387
2019-06-15,3호선,승차,41.0,21.0,521452
2019-06-15,3호선,하차,41.0,21.0,520963
2019-06-15,4호선,승차,41.0,21.0,536615
2019-06-15,4호선,하차,41.0,21.0,546899
2019-06-15,5호선,승차,41.0,21.0,510005
2019-06-15,5호선,하차,41.0,21.0,498573
2019-06-15,6호선,승차,41.0,21.0,320756
2019-06-15,6호선,하차,41.0,21.0,319829
2019-06-15,7호선,승차,41.0,21.0,610797
2019-06-15,7호선,하차,41.0,21.0,593421
2019-06-15,8호선,승차,41.0,21.0,161550
2019-06-15,8호선,하차,41.0,21.0,160527
2019-06-16,1호선,승차,18.0,11.0,178165
2019-06-16,1호선,하차,18.0,11.0,174004
2019-06-16,2호선,승차,18.0,11.0,934986
2019-06-16,2호선,하차,18.0,11.0,934043
2019-06-16,3호선,승차,18.0,11.0,348841
2019-06-16,3호선,하차,18.0,11.0,353131
2019-06-16,4호선,승차,18.0,11.0,372978
2019-06-16,4호선,하차,18.0,11.0,382099
2019-06-16,5호선,승차,18.0,11.0,352207
2019-06-16,5호선,하차,18.0,11.0,350049
2019-06-16,6호선,승차,18.0,11.0,239971
2019-06-16,6호선,하차,18.0,11.0,230660
2019-06-16,7호선,승차,18.0,11.0,429534
2019-06-16,7호선,하차,18.0,11.0,417780
2019-06-16,8호선,승차,18.0,11.0,117183
2019-06-16,8호선,하차,18.0,11.0,119126
2019-06-17,1호선,승차,26.0,17.0,294208
2019-06-17,1호선,하차,26.0,17.0,291306
2019-06-17,2호선,승차,26.0,17.0,1668044
2019-06-17,2호선,하차,26.0,17.0,1694309
2019-06-17,3호선,승차,26.0,17.0,620461
2019-06-17,3호선,하차,26.0,17.0,618820
2019-06-17,4호선,승차,26.0,17.0,635928
2019-06-17,4호선,하차,26.0,17.0,642177
2019-06-17,5호선,승차,26.0,17.0,691304
2019-06-17,5호선,하차,26.0,17.0,685772
2019-06-17,6호선,승차,26.0,17.0,392323
2019-06-17,6호선,하차,26.0,17.0,385073
2019-06-17,7호선,승차,26.0,17.0,821512
2019-06-17,7호선,하차,26.0,17.0,811925
2019-06-17,8호선,승차,26.0,17.0,215661
2019-06-17,8호선,하차,26.0,17.0,214275
2019-06-18,1호선,승차,32.0,22.0,292442
2019-06-18,1호선,하차,32.0,22.0,288213
2019-06-18,2호선,승차,32.0,22.0,1707878
2019-06-18,2호선,하차,32.0,22.0,1728328
2019-06-18,3호선,승차,32.0,22.0,625420
2019-06-18,3호선,하차,32.0,22.0,621070
2019-06-18,4호선,승차,32.0,22.0,631048
2019-06-18,4호선,하차,32.0,22.0,637963
2019-06-18,5호선,승차,32.0,22.0,694876
2019-06-18,5호선,하차,32.0,22.0,687823
2019-06-18,6호선,승차,32.0,22.0,394520
2019-06-18,6호선,하차,32.0,22.0,388229
2019-06-18,7호선,승차,32.0,22.0,819290
2019-06-18,7호선,하차,32.0,22.0,812035
2019-06-18,8호선,승차,32.0,22.0,216374
2019-06-18,8호선,하차,32.0,22.0,215866
2019-06-19,1호선,승차,37.0,27.0,296965
2019-06-19,1호선,하차,37.0,27.0,293117
2019-06-19,2호선,승차,37.0,27.0,1735304
2019-06-19,2호선,하차,37.0,27.0,1759695
2019-06-19,3호선,승차,37.0,27.0,635203
2019-06-19,3호선,하차,37.0,27.0,633250
2019-06-19,4호선,승차,37.0,27.0,643834
2019-06-19,4호선,하차,37.0,27.0,651609
2019-06-19,5호선,승차,37.0,27.0,708667
2019-06-19,5호선,하차,37.0,27.0,702119
2019-06-19,6호선,승차,37.0,27.0,401819
2019-06-19,6호선,하차,37.0,27.0,393327
2019-06-19,7호선,승차,37.0,27.0,825236
2019-06-19,7호선,하차,37.0,27.0,818564
2019-06-19,8호선,승차,37.0,27.0,223342
2019-06-19,8호선,하차,37.0,27.0,222243
2019-06-20,1호선,승차,35.0,24.0,309722
2019-06-20,1호선,하차,35.0,24.0,306855
2019-06-20,2호선,승차,35.0,24.0,1779113
2019-06-20,2호선,하차,35.0,24.0,1810472
2019-06-20,3호선,승차,35.0,24.0,648679
2019-06-20,3호선,하차,35.0,24.0,646557
2019-06-20,4호선,승차,35.0,24.0,662300
2019-06-20,4호선,하차,35.0,24.0,670046
2019-06-20,5호선,승차,35.0,24.0,717389
2019-06-20,5호선,하차,35.0,24.0,709396
2019-06-20,6호선,승차,35.0,24.0,410547
2019-06-20,6호선,하차,35.0,24.0,403316
2019-06-20,7호선,승차,35.0,24.0,837838
2019-06-20,7호선,하차,35.0,24.0,829465
2019-06-20,8호선,승차,35.0,24.0,222511
2019-06-20,8호선,하차,35.0,24.0,221454
2019-06-21,1호선,승차,33.0,22.0,318449
2019-06-21,1호선,하차,33.0,22.0,318186
2019-06-21,2호선,승차,33.0,22.0,1840465
2019-06-21,2호선,하차,33.0,22.0,1884450
2019-06-21,3호선,승차,33.0,22.0,680454
2019-06-21,3호선,하차,33.0,22.0,677915
2019-06-21,4호선,승차,33.0,22.0,671373
2019-06-21,4호선,하차,33.0,22.0,683760
2019-06-21,5호선,승차,33.0,22.0,722105
2019-06-21,5호선,하차,33.0,22.0,711985
2019-06-21,6호선,승차,33.0,22.0,418033
2019-06-21,6호선,하차,33.0,22.0,412468
2019-06-21,7호선,승차,33.0,22.0,845332
2019-06-21,7호선,하차,33.0,22.0,831874
2019-06-21,8호선,승차,33.0,22.0,226790
2019-06-21,8호선,하차,33.0,22.0,224051
2019-06-22,1호선,승차,14.0,6.0,263514
2019-06-22,1호선,하차,14.0,6.0,265544
2019-06-22,2호선,승차,14.0,6.0,1408432
2019-06-22,2호선,하차,14.0,6.0,1436844
2019-06-22,3호선,승차,14.0,6.0,523491
2019-06-22,3호선,하차,14.0,6.0,525899
2019-06-22,4호선,승차,14.0,6.0,541357
2019-06-22,4호선,하차,14.0,6.0,552970
2019-06-22,5호선,승차,14.0,6.0,526019
2019-06-22,5호선,하차,14.0,6.0,516174
2019-06-22,6호선,승차,14.0,6.0,322901
2019-06-22,6호선,하차,14.0,6.0,315078
2019-06-22,7호선,승차,14.0,6.0,611817
2019-06-22,7호선,하차,14.0,6.0,592124
2019-06-22,8호선,승차,14.0,6.0,163635
2019-06-22,8호선,하차,14.0,6.0,162397
2019-06-23,1호선,승차,16.0,9.0,183360
2019-06-23,1호선,하차,16.0,9.0,178753
2019-06-23,2호선,승차,16.0,9.0,986242
2019-06-23,2호선,하차,16.0,9.0,989554
2019-06-23,3호선,승차,16.0,9.0,359104
2019-06-23,3호선,하차,16.0,9.0,361925
2019-06-23,4호선,승차,16.0,9.0,384382
2019-06-23,4호선,하차,16.0,9.0,392866
2019-06-23,5호선,승차,16.0,9.0,364307
2019-06-23,5호선,하차,16.0,9.0,362396
2019-06-23,6호선,승차,16.0,9.0,230518
2019-06-23,6호선,하차,16.0,9.0,222204
2019-06-23,7호선,승차,16.0,9.0,442120
2019-06-23,7호선,하차,16.0,9.0,429032
2019-06-23,8호선,승차,16.0,9.0,118652
2019-06-23,8호선,하차,16.0,9.0,119633
2019-06-24,1호선,승차,23.0,10.0,294345
2019-06-24,1호선,하차,23.0,10.0,292214
2019-06-24,2호선,승차,23.0,10.0,1708803
2019-06-24,2호선,하차,23.0,10.0,1733987
2019-06-24,3호선,승차,23.0,10.0,626663
2019-06-24,3호선,하차,23.0,10.0,624507
2019-06-24,4호선,승차,23.0,10.0,619280
2019-06-24,4호선,하차,23.0,10.0,627698
2019-06-24,5호선,승차,23.0,10.0,693948
2019-06-24,5호선,하차,23.0,10.0,686633
2019-06-24,6호선,승차,23.0,10.0,385995
2019-06-24,6호선,하차,23.0,10.0,378377
2019-06-24,7호선,승차,23.0,10.0,808477
2019-06-24,7호선,하차,23.0,10.0,796809
2019-06-24,8호선,승차,23.0,10.0,216785
2019-06-24,8호선,하차,23.0,10.0,215929
2019-06-25,1호선,승차,32.0,18.0,303482
2019-06-25,1호선,하차,32.0,18.0,300081
2019-06-25,2호선,승차,32.0,18.0,1745964
2019-06-25,2호선,하차,32.0,18.0,1772051
2019-06-25,3호선,승차,32.0,18.0,645623
2019-06-25,3호선,하차,32.0,18.0,643001
2019-06-25,4호선,승차,32.0,18.0,637270
2019-06-25,4호선,하차,32.0,18.0,645182
2019-06-25,5호선,승차,32.0,18.0,709940
2019-06-25,5호선,하차,32.0,18.0,703639
2019-06-25,6호선,승차,32.0,18.0,398766
2019-06-25,6호선,하차,32.0,18.0,389396
2019-06-25,7호선,승차,32.0,18.0,816371
2019-06-25,7호선,하차,32.0,18.0,807827
2019-06-25,8호선,승차,32.0,18.0,217818
2019-06-25,8호선,하차,32.0,18.0,216978
2019-06-26,1호선,승차,34.0,19.0,303850
2019-06-26,1호선,하차,34.0,19.0,300020
2019-06-26,2호선,승차,34.0,19.0,1750245
2019-06-26,2호선,하차,34.0,19.0,1774104
2019-06-26,3호선,승차,34.0,19.0,641926
2019-06-26,3호선,하차,34.0,19.0,638651
2019-06-26,4호선,승차,34.0,19.0,635929
2019-06-26,4호선,하차,34.0,19.0,643711
2019-06-26,5호선,승차,34.0,19.0,709230
2019-06-26,5호선,하차,34.0,19.0,702372
2019-06-26,6호선,승차,34.0,19.0,397586
2019-06-26,6호선,하차,34.0,19.0,389361
2019-06-26,7호선,승차,34.0,19.0,812312
2019-06-26,7호선,하차,34.0,19.0,803349
2019-06-26,8호선,승차,34.0,19.0,217929
2019-06-26,8호선,하차,34.0,19.0,218311
2019-06-27,1호선,승차,16.0,8.0,300938
2019-06-27,1호선,하차,16.0,8.0,297948
2019-06-27,2호선,승차,16.0,8.0,1736086
2019-06-27,2호선,하차,16.0,8.0,1764292
2019-06-27,3호선,승차,16.0,8.0,631109
2019-06-27,3호선,하차,16.0,8.0,628649
2019-06-27,4호선,승차,16.0,8.0,631177
2019-06-27,4호선,하차,16.0,8.0,639785
2019-06-27,5호선,승차,16.0,8.0,699714
2019-06-27,5호선,하차,16.0,8.0,692226
2019-06-27,6호선,승차,16.0,8.0,394232
2019-06-27,6호선,하차,16.0,8.0,386344
2019-06-27,7호선,승차,16.0,8.0,802969
2019-06-27,7호선,하차,16.0,8.0,793258
2019-06-27,8호선,승차,16.0,8.0,214420
2019-06-27,8호선,하차,16.0,8.0,214065
2019-06-28,1호선,승차,35.0,26.0,318576
2019-06-28,1호선,하차,35.0,26.0,316245
2019-06-28,2호선,승차,35.0,26.0,1810838
2019-06-28,2호선,하차,35.0,26.0,1851881
2019-06-28,3호선,승차,35.0,26.0,673431
2019-06-28,3호선,하차,35.0,26.0,671256
2019-06-28,4호선,승차,35.0,26.0,659287
2019-06-28,4호선,하차,35.0,26.0,671071
2019-06-28,5호선,승차,35.0,26.0,720829
2019-06-28,5호선,하차,35.0,26.0,710053
2019-06-28,6호선,승차,35.0,26.0,409256
2019-06-28,6호선,하차,35.0,26.0,403769
2019-06-28,7호선,승차,35.0,26.0,829419
2019-06-28,7호선,하차,35.0,26.0,816453
2019-06-28,8호선,승차,35.0,26.0,221455
2019-06-28,8호선,하차,35.0,26.0,220702
2019-06-29,1호선,승차,22.0,15.0,254472
2019-06-29,1호선,하차,22.0,15.0,254466
2019-06-29,2호선,승차,22.0,15.0,1304688
2019-06-29,2호선,하차,22.0,15.0,1331091
2019-06-29,3호선,승차,22.0,15.0,489301
2019-06-29,3호선,하차,22.0,15.0,488858
2019-06-29,4호선,승차,22.0,15.0,506733
2019-06-29,4호선,하차,22.0,15.0,515441
2019-06-29,5호선,승차,22.0,15.0,475074
2019-06-29,5호선,하차,22.0,15.0,465158
2019-06-29,6호선,승차,22.0,15.0,296772
2019-06-29,6호선,하차,22.0,15.0,296166
2019-06-29,7호선,승차,22.0,15.0,562441
2019-06-29,7호선,하차,22.0,15.0,543368
2019-06-29,8호선,승차,22.0,15.0,156966
2019-06-29,8호선,하차,22.0,15.0,155145
2019-06-30,1호선,승차,32.0,21.0,178592
2019-06-30,1호선,하차,32.0,21.0,173780
2019-06-30,2호선,승차,32.0,21.0,943299
2019-06-30,2호선,하차,32.0,21.0,947649
2019-06-30,3호선,승차,32.0,21.0,348289
2019-06-30,3호선,하차,32.0,21.0,352062
2019-06-30,4호선,승차,32.0,21.0,370840
2019-06-30,4호선,하차,32.0,21.0,379631
2019-06-30,5호선,승차,32.0,21.0,344619
2019-06-30,5호선,하차,32.0,21.0,341888
2019-06-30,6호선,승차,32.0,21.0,234668
2019-06-30,6호선,하차,32.0,21.0,228611
2019-06-30,7호선,승차,32.0,21.0,426687
2019-06-30,7호선,하차,32.0,21.0,414078
2019-06-30,8호선,승차,32.0,21.0,114273
2019-06-30,8호선,하차,32.0,21.0,115424
