날짜,호선,평균기온,평균습도,강수량,합 계
2019-01-01,1호선,-4.0,55.0,0.0,293333
2019-01-01,2호선,-4.0,55.0,0.0,1363344
2019-01-01,3호선,-4.0,55.0,0.0,486466
2019-01-01,4호선,-4.0,55.0,0.0,563333
2019-01-01,5호선,-4.0,55.0,0.0,505501
2019-01-01,6호선,-4.0,55.0,0.0,330814
2019-01-01,7호선,-4.0,55.0,0.0,595201
2019-01-01,8호선,-4.0,55.0,0.0,174358
2019-01-02,1호선,-3.799999952,46.09999847,0.0,563580
2019-01-02,2호선,-3.799999952,46.09999847,0.0,3271120
2019-01-02,3호선,-3.799999952,46.09999847,0.0,1171735
2019-01-02,4호선,-3.799999952,46.09999847,0.0,1180942
2019-01-02,5호선,-3.799999952,46.09999847,0.0,1305697
2019-01-02,6호선,-3.799999952,46.09999847,0.0,716537
2019-01-02,7호선,-3.799999952,46.09999847,0.0,1520343
2019-01-02,8호선,-3.799999952,46.09999847,0.0,405020
2019-01-03,1호선,-2.700000048,44.90000153,0.0,588582
2019-01-03,2호선,-2.700000048,44.90000153,0.0,3407757
2019-01-03,3호선,-2.700000048,44.90000153,0.0,1220595
2019-01-03,4호선,-2.700000048,44.90000153,0.0,1228270
2019-01-03,5호선,-2.700000048,44.90000153,0.0,1343468
2019-01-03,6호선,-2.700000048,44.90000153,0.0,747507
2019-01-03,7호선,-2.700000048,44.90000153,0.0,1557680
2019-01-03,8호선,-2.700000048,44.90000153,0.0,414563
2019-01-04,1호선,-1.200000048,59.0,0.0,629586
2019-01-04,2호선,-1.200000048,59.0,0.0,3581310
2019-01-04,3호선,-1.200000048,59.0,0.0,1288783
2019-01-04,4호선,-1.200000048,59.0,0.0,1278196
2019-01-04,5호선,-1.200000048,59.0,0.0,1381645
2019-01-04,6호선,-1.200000048,59.0,0.0,779589
2019-01-04,7호선,-1.200000048,59.0,0.0,1604079
2019-01-04,8호선,-1.200000048,59.0,0.0,438745
2019-01-05,1호선,-0.600000024,43.20000076,0.0,505051
2019-01-05,2호선,-0.600000024,43.20000076,0.0,2557567
2019-01-05,3호선,-0.600000024,43.20000076,0.0,939900
2019-01-05,4호선,-0.600000024,43.20000076,0.0,980499
2019-01-05,5호선,-0.600000024,43.20000076,0.0,909676
2019-01-05,6호선,-0.600000024,43.20000076,0.0,564989
2019-01-05,7호선,-0.600000024,43.20000076,0.0,1084646
2019-01-05,8호선,-0.600000024,43.20000076,0.0,297636
2019-01-06,1호선,-1.7999999519999998,37.79999924,0.0,345740
2019-01-06,2호선,-1.7999999519999998,37.79999924,0.0,1777165
2019-01-06,3호선,-1.7999999519999998,37.79999924,0.0,657008
2019-01-06,4호선,-1.7999999519999998,37.79999924,0.0,705803
2019-01-06,5호선,-1.7999999519999998,37.79999924,0.0,644109
2019-01-06,6호선,-1.7999999519999998,37.79999924,0.0,412560
2019-01-06,7호선,-1.7999999519999998,37.79999924,0.0,776291
2019-01-06,8호선,-1.7999999519999998,37.79999924,0.0,219421
2019-01-07,1호선,-1.200000048,52.59999847,0.0,587267
2019-01-07,2호선,-1.200000048,52.59999847,0.0,3358939
2019-01-07,3호선,-1.200000048,52.59999847,0.0,1208108
2019-01-07,4호선,-1.200000048,52.59999847,0.0,1196331
2019-01-07,5호선,-1.200000048,52.59999847,0.0,1334695
2019-01-07,6호선,-1.200000048,52.59999847,0.0,731309
2019-01-07,7호선,-1.200000048,52.59999847,0.0,1563688
2019-01-07,8호선,-1.200000048,52.59999847,0.0,414325
2019-01-08,1호선,-1.5,34.70000076,0.0,596399
2019-01-08,2호선,-1.5,34.70000076,0.0,3404060
2019-01-08,3호선,-1.5,34.70000076,0.0,1228457
2019-01-08,4호선,-1.5,34.70000076,0.0,1225577
2019-01-08,5호선,-1.5,34.70000076,0.0,1355455
2019-01-08,6호선,-1.5,34.70000076,0.0,746811
2019-01-08,7호선,-1.5,34.70000076,0.0,1569065
2019-01-08,8호선,-1.5,34.70000076,0.0,420589
2019-01-09,1호선,-3.799999952,33.29999924,0.0,569576
2019-01-09,2호선,-3.799999952,33.29999924,0.0,3375023
2019-01-09,3호선,-3.799999952,33.29999924,0.0,1215042
2019-01-09,4호선,-3.799999952,33.29999924,0.0,1198919
2019-01-09,5호선,-3.799999952,33.29999924,0.0,1337939
2019-01-09,6호선,-3.799999952,33.29999924,0.0,736650
2019-01-09,7호선,-3.799999952,33.29999924,0.0,1559603
2019-01-09,8호선,-3.799999952,33.29999924,0.0,418699
2019-01-10,1호선,-0.10000000099999999,47.79999924,0.0,600138
2019-01-10,2호선,-0.10000000099999999,47.79999924,0.0,3451697
2019-01-10,3호선,-0.10000000099999999,47.79999924,0.0,1238662
2019-01-10,4호선,-0.10000000099999999,47.79999924,0.0,1227935
2019-01-10,5호선,-0.10000000099999999,47.79999924,0.0,1358415
2019-01-10,6호선,-0.10000000099999999,47.79999924,0.0,750855
2019-01-10,7호선,-0.10000000099999999,47.79999924,0.0,1576150
2019-01-10,8호선,-0.10000000099999999,47.79999924,0.0,421807
2019-01-11,1호선,2.900000095,62.70000076,0.0,639152
2019-01-11,2호선,2.900000095,62.70000076,0.0,3619147
2019-01-11,3호선,2.900000095,62.70000076,0.0,1307278
2019-01-11,4호선,2.900000095,62.70000076,0.0,1283231
2019-01-11,5호선,2.900000095,62.70000076,0.0,1386041
2019-01-11,6호선,2.900000095,62.70000076,0.0,783767
2019-01-11,7호선,2.900000095,62.70000076,0.0,1615034
2019-01-11,8호선,2.900000095,62.70000076,0.0,434433
2019-01-12,1호선,3.700000048,51.79999924,0.0,538470
2019-01-12,2호선,3.700000048,51.79999924,0.0,2648806
2019-01-12,3호선,3.700000048,51.79999924,0.0,994882
2019-01-12,4호선,3.700000048,51.79999924,0.0,1022748
2019-01-12,5호선,3.700000048,51.79999924,0.0,923698
2019-01-12,6호선,3.700000048,51.79999924,0.0,586053
2019-01-12,7호선,3.700000048,51.79999924,0.0,1116949
2019-01-12,8호선,3.700000048,51.79999924,0.0,301688
2019-01-13,1호선,2.099999905,56.29999924,0.0,349575
2019-01-13,2호선,2.099999905,56.29999924,0.0,1835522
2019-01-13,3호선,2.099999905,56.29999924,0.0,672659
2019-01-13,4호선,2.099999905,56.29999924,0.0,723906
2019-01-13,5호선,2.099999905,56.29999924,0.0,643000
2019-01-13,6호선,2.099999905,56.29999924,0.0,415317
2019-01-13,7호선,2.099999905,56.29999924,0.0,795145
2019-01-13,8호선,2.099999905,56.29999924,0.0,220473
2019-01-14,1호선,1.399999976,69.59999847,0.0,571623
2019-01-14,2호선,1.399999976,69.59999847,0.0,3291938
2019-01-14,3호선,1.399999976,69.59999847,0.0,1190513
2019-01-14,4호선,1.399999976,69.59999847,0.0,1168789
2019-01-14,5호선,1.399999976,69.59999847,0.0,1312943
2019-01-14,6호선,1.399999976,69.59999847,0.0,717353
2019-01-14,7호선,1.399999976,69.59999847,0.0,1539370
2019-01-14,8호선,1.399999976,69.59999847,0.0,412778
2019-01-15,1호선,0.400000006,57.79999924,0.0,586232
2019-01-15,2호선,0.400000006,57.79999924,0.0,3381701
2019-01-15,3호선,0.400000006,57.79999924,0.0,1210977
2019-01-15,4호선,0.400000006,57.79999924,0.0,1203971
2019-01-15,5호선,0.400000006,57.79999924,0.0,1341072
2019-01-15,6호선,0.400000006,57.79999924,0.0,739882
2019-01-15,7호선,0.400000006,57.79999924,0.0,1559409
2019-01-15,8호선,0.400000006,57.79999924,0.0,414343
2019-01-16,1호선,-4.1999998089999995,44.59999847,0.0,588428
2019-01-16,2호선,-4.1999998089999995,44.59999847,0.0,3424243
2019-01-16,3호선,-4.1999998089999995,44.59999847,0.0,1224166
2019-01-16,4호선,-4.1999998089999995,44.59999847,0.0,1213803
2019-01-16,5호선,-4.1999998089999995,44.59999847,0.0,1349809
2019-01-16,6호선,-4.1999998089999995,44.59999847,0.0,747634
2019-01-16,7호선,-4.1999998089999995,44.59999847,0.0,1560911
2019-01-16,8호선,-4.1999998089999995,44.59999847,0.0,417708
2019-01-17,1호선,0.699999988,51.40000153,0.0,610757
2019-01-17,2호선,0.699999988,51.40000153,0.0,3471002
2019-01-17,3호선,0.699999988,51.40000153,0.0,1266925
2019-01-17,4호선,0.699999988,51.40000153,0.0,1236657
2019-01-17,5호선,0.699999988,51.40000153,0.0,1369400
2019-01-17,6호선,0.699999988,51.40000153,0.0,760705
2019-01-17,7호선,0.699999988,51.40000153,0.0,1578750
2019-01-17,8호선,0.699999988,51.40000153,0.0,422757
2019-01-18,1호선,1.299999952,46.90000153,0.0,645859
2019-01-18,2호선,1.299999952,46.90000153,0.0,3613911
2019-01-18,3호선,1.299999952,46.90000153,0.0,1324691
2019-01-18,4호선,1.299999952,46.90000153,0.0,1284427
2019-01-18,5호선,1.299999952,46.90000153,0.0,1389843
2019-01-18,6호선,1.299999952,46.90000153,0.0,789352
2019-01-18,7호선,1.299999952,46.90000153,0.0,1613186
2019-01-18,8호선,1.299999952,46.90000153,0.0,432976
2019-01-19,1호선,0.8999999759999999,64.09999847,0.0,530443
2019-01-19,2호선,0.8999999759999999,64.09999847,0.0,2617374
2019-01-19,3호선,0.8999999759999999,64.09999847,0.0,997557
2019-01-19,4호선,0.8999999759999999,64.09999847,0.0,1001298
2019-01-19,5호선,0.8999999759999999,64.09999847,0.0,929762
2019-01-19,6호선,0.8999999759999999,64.09999847,0.0,580082
2019-01-19,7호선,0.8999999759999999,64.09999847,0.0,1108501
2019-01-19,8호선,0.8999999759999999,64.09999847,0.0,310231
2019-02-11,1호선,-1.299999952,35.29999924,0.0,593750
2019-02-11,2호선,-1.299999952,35.29999924,0.0,3402294
2019-02-11,3호선,-1.299999952,35.29999924,0.0,1236044
2019-02-11,4호선,-1.299999952,35.29999924,0.0,1224558
2019-02-11,5호선,-1.299999952,35.29999924,0.0,1358503
2019-02-11,6호선,-1.299999952,35.29999924,0.0,737807
2019-02-11,7호선,-1.299999952,35.29999924,0.0,1580890
2019-02-11,8호선,-1.299999952,35.29999924,0.0,420602
2019-02-12,1호선,0.699999988,36.5,0.0,610156
2019-02-12,2호선,0.699999988,36.5,0.0,3490737
2019-02-12,3호선,0.699999988,36.5,0.0,1254347
2019-02-12,4호선,0.699999988,36.5,0.0,1254078
2019-02-12,5호선,0.699999988,36.5,0.0,1378206
2019-02-12,6호선,0.699999988,36.5,0.0,755202
2019-02-12,7호선,0.699999988,36.5,0.0,1597281
2019-02-12,8호선,0.699999988,36.5,0.0,427522
2019-02-13,1호선,-0.400000006,29.5,0.0,613335
2019-02-13,2호선,-0.400000006,29.5,0.0,3513458
2019-02-13,3호선,-0.400000006,29.5,0.0,1275562
2019-02-13,4호선,-0.400000006,29.5,0.0,1268798
2019-02-13,5호선,-0.400000006,29.5,0.0,1396080
2019-02-13,6호선,-0.400000006,29.5,0.0,760047
2019-02-13,7호선,-0.400000006,29.5,0.0,1608448
2019-02-13,8호선,-0.400000006,29.5,0.0,431093
2019-02-14,1호선,0.600000024,27.79999924,0.0,618553
2019-02-14,2호선,0.600000024,27.79999924,0.0,3554709
2019-02-14,3호선,0.600000024,27.79999924,0.0,1285054
2019-02-14,4호선,0.600000024,27.79999924,0.0,1280202
2019-02-14,5호선,0.600000024,27.79999924,0.0,1397658
2019-02-14,6호선,0.600000024,27.79999924,0.0,765568
2019-02-14,7호선,0.600000024,27.79999924,0.0,1618069
2019-02-14,8호선,0.600000024,27.79999924,0.0,440788
2019-02-15,1호선,0.699999988,67.59999847,0.5,632107
2019-02-15,2호선,0.699999988,67.59999847,0.5,3686371
2019-02-15,3호선,0.699999988,67.59999847,0.5,1355649
2019-02-15,4호선,0.699999988,67.59999847,0.5,1310007
2019-02-15,5호선,0.699999988,67.59999847,0.5,1445511
2019-02-15,6호선,0.699999988,67.59999847,0.5,799814
2019-02-15,7호선,0.699999988,67.59999847,0.5,1684376
2019-02-15,8호선,0.699999988,67.59999847,0.5,450497
2019-02-16,1호선,-0.800000012,55.90000153,0.0,558545
2019-02-16,2호선,-0.800000012,55.90000153,0.0,2809987
2019-02-16,3호선,-0.800000012,55.90000153,0.0,1043424
2019-02-16,4호선,-0.800000012,55.90000153,0.0,1061729
2019-02-16,5호선,-0.800000012,55.90000153,0.0,983470
2019-02-16,6호선,-0.800000012,55.90000153,0.0,612377
2019-02-16,7호선,-0.800000012,55.90000153,0.0,1202662
2019-02-16,8호선,-0.800000012,55.90000153,0.0,321374
2019-02-17,1호선,-0.200000003,46.20000076,0.0,370836
2019-02-17,2호선,-0.200000003,46.20000076,0.0,1954126
2019-02-17,3호선,-0.200000003,46.20000076,0.0,707051
2019-02-17,4호선,-0.200000003,46.20000076,0.0,758771
2019-02-17,5호선,-0.200000003,46.20000076,0.0,679857
2019-02-17,6호선,-0.200000003,46.20000076,0.0,440351
2019-02-17,7호선,-0.200000003,46.20000076,0.0,845093
2019-02-17,8호선,-0.200000003,46.20000076,0.0,237412
2019-02-18,1호선,1.7000000480000002,49.40000153,0.0,593674
2019-02-18,2호선,1.7000000480000002,49.40000153,0.0,3428047
2019-02-18,3호선,1.7000000480000002,49.40000153,0.0,1242826
2019-02-18,4호선,1.7000000480000002,49.40000153,0.0,1227268
2019-02-18,5호선,1.7000000480000002,49.40000153,0.0,1357083
2019-02-18,6호선,1.7000000480000002,49.40000153,0.0,745938
2019-02-18,7호선,1.7000000480000002,49.40000153,0.0,1591478
2019-02-18,8호선,1.7000000480000002,49.40000153,0.0,423362
2019-02-19,1호선,2.299999952,81.0,4.5,567076
2019-02-19,2호선,2.299999952,81.0,4.5,3433459
2019-02-19,3호선,2.299999952,81.0,4.5,1247180
2019-02-19,4호선,2.299999952,81.0,4.5,1224661
2019-02-19,5호선,2.299999952,81.0,4.5,1377883
2019-02-19,6호선,2.299999952,81.0,4.5,756913
2019-02-19,7호선,2.299999952,81.0,4.5,1604281
2019-02-19,8호선,2.299999952,81.0,4.5,433183
2019-02-20,1호선,3.299999952,64.30000305,0.0,614591
2019-02-20,2호선,3.299999952,64.30000305,0.0,3515946
2019-02-20,3호선,3.299999952,64.30000305,0.0,1274985
2019-02-20,4호선,3.299999952,64.30000305,0.0,1272066
2019-02-20,5호선,3.299999952,64.30000305,0.0,1401494
2019-02-20,6호선,3.299999952,64.30000305,0.0,770072
2019-02-20,7호선,3.299999952,64.30000305,0.0,1617351
2019-02-20,8호선,3.299999952,64.30000305,0.0,433960
2019-02-21,1호선,3.299999952,64.0,0.0,626613
2019-02-21,2호선,3.299999952,64.0,0.0,3560846
2019-02-21,3호선,3.299999952,64.0,0.0,1283402
2019-02-21,4호선,3.299999952,64.0,0.0,1282436
2019-02-21,5호선,3.299999952,64.0,0.0,1396368
2019-02-21,6호선,3.299999952,64.0,0.0,773794
2019-02-21,7호선,3.299999952,64.0,0.0,1619190
2019-02-21,8호선,3.299999952,64.0,0.0,432193
2019-02-22,1호선,4.5,58.29999924,0.0,653893
2019-02-22,2호선,4.5,58.29999924,0.0,3708636
2019-02-22,3호선,4.5,58.29999924,0.0,1360318
2019-02-22,4호선,4.5,58.29999924,0.0,1329106
2019-02-22,5호선,4.5,58.29999924,0.0,1425008
2019-02-22,6호선,4.5,58.29999924,0.0,811993
2019-02-22,7호선,4.5,58.29999924,0.0,1669453
2019-02-22,8호선,4.5,58.29999924,0.0,446028
2019-02-23,1호선,7.099999905,47.20000076,0.0,582255
2019-02-23,2호선,7.099999905,47.20000076,0.0,2840233
2019-02-23,3호선,7.099999905,47.20000076,0.0,1076145
2019-02-23,4호선,7.099999905,47.20000076,0.0,1102231
2019-02-23,5호선,7.099999905,47.20000076,0.0,1015037
2019-02-23,6호선,7.099999905,47.20000076,0.0,644688
2019-02-23,7호선,7.099999905,47.20000076,0.0,1210726
2019-02-23,8호선,7.099999905,47.20000076,0.0,326596
2019-02-24,1호선,6.8000001910000005,48.70000076,0.0,386860
2019-02-24,2호선,6.8000001910000005,48.70000076,0.0,2013161
2019-02-24,3호선,6.8000001910000005,48.70000076,0.0,743744
2019-02-24,4호선,6.8000001910000005,48.70000076,0.0,797293
2019-02-24,5호선,6.8000001910000005,48.70000076,0.0,721252
2019-02-24,6호선,6.8000001910000005,48.70000076,0.0,472255
2019-02-24,7호선,6.8000001910000005,48.70000076,0.0,878805
2019-02-24,8호선,6.8000001910000005,48.70000076,0.0,253533
2019-02-25,1호선,6.3000001910000005,57.0,0.0,612277
2019-02-25,2호선,6.3000001910000005,57.0,0.0,3475063
2019-02-25,3호선,6.3000001910000005,57.0,0.0,1251095
2019-02-25,4호선,6.3000001910000005,57.0,0.0,1257418
2019-02-25,5호선,6.3000001910000005,57.0,0.0,1371312
2019-02-25,6호선,6.3000001910000005,57.0,0.0,783747
2019-02-25,7호선,6.3000001910000005,57.0,0.0,1597602
2019-02-25,8호선,6.3000001910000005,57.0,0.0,425540
2019-02-26,1호선,6.1999998089999995,39.90000153,0.0,621493
2019-02-26,2호선,6.1999998089999995,39.90000153,0.0,3555863
2019-02-26,3호선,6.1999998089999995,39.90000153,0.0,1284881
2019-02-26,4호선,6.1999998089999995,39.90000153,0.0,1278792
2019-02-26,5호선,6.1999998089999995,39.90000153,0.0,1404709
2019-02-26,6호선,6.1999998089999995,39.90000153,0.0,780820
2019-02-26,7호선,6.1999998089999995,39.90000153,0.0,1631517
2019-02-26,8호선,6.1999998089999995,39.90000153,0.0,431676
2019-02-27,1호선,9.100000381000001,37.5,0.0,622690
2019-02-27,2호선,9.100000381000001,37.5,0.0,3560243
2019-02-27,3호선,9.100000381000001,37.5,0.0,1300245
2019-02-27,4호선,9.100000381000001,37.5,0.0,1289347
2019-02-27,5호선,9.100000381000001,37.5,0.0,1413270
2019-02-27,6호선,9.100000381000001,37.5,0.0,779670
2019-02-27,7호선,9.100000381000001,37.5,0.0,1631755
2019-02-27,8호선,9.100000381000001,37.5,0.0,436823
2019-02-28,1호선,7.900000095,42.79999924,0.0,661025
2019-02-28,2호선,7.900000095,42.79999924,0.0,3664400
2019-02-28,3호선,7.900000095,42.79999924,0.0,1374053
2019-02-28,4호선,7.900000095,42.79999924,0.0,1325517
2019-02-28,5호선,7.900000095,42.79999924,0.0,1425244
2019-02-28,6호선,7.900000095,42.79999924,0.0,809056
2019-02-28,7호선,7.900000095,42.79999924,0.0,1646400
2019-02-28,8호선,7.900000095,42.79999924,0.0,444502
2019-03-01,1호선,7.8000001910000005,46.0,0.0,621800
2019-03-01,2호선,7.8000001910000005,46.0,0.0,2378648
2019-03-01,3호선,7.8000001910000005,46.0,0.0,982864
2019-03-01,4호선,7.8000001910000005,46.0,0.0,1017778
2019-03-01,5호선,7.8000001910000005,46.0,0.0,919962
2019-03-01,6호선,7.8000001910000005,46.0,0.0,552029
2019-03-01,7호선,7.8000001910000005,46.0,0.0,970610
2019-03-01,8호선,7.8000001910000005,46.0,0.0,284495
2019-03-02,1호선,8.199999809,44.20000076,0.0,492005
2019-03-02,2호선,8.199999809,44.20000076,0.0,2444232
2019-03-02,3호선,8.199999809,44.20000076,0.0,928868
2019-03-02,4호선,8.199999809,44.20000076,0.0,982642
2019-03-02,5호선,8.199999809,44.20000076,0.0,869094
2019-03-02,6호선,8.199999809,44.20000076,0.0,558296
2019-03-02,7호선,8.199999809,44.20000076,0.0,1053661
2019-03-02,8호선,8.199999809,44.20000076,0.0,288789
2019-03-03,1호선,9.699999809,39.90000153,0.0,353535
2019-03-03,2호선,9.699999809,39.90000153,0.0,1838619
2019-03-03,3호선,9.699999809,39.90000153,0.0,689480
2019-03-03,4호선,9.699999809,39.90000153,0.0,737301
2019-03-03,5호선,9.699999809,39.90000153,0.0,669261
2019-03-03,6호선,9.699999809,39.90000153,0.0,452558
2019-03-03,7호선,9.699999809,39.90000153,0.0,836073
2019-03-03,8호선,9.699999809,39.90000153,0.0,231264
2019-03-04,1호선,11.0,44.70000076,0.0,571304
2019-03-04,2호선,11.0,44.70000076,0.0,3363711
2019-03-04,3호선,11.0,44.70000076,0.0,1226537
2019-03-04,4호선,11.0,44.70000076,0.0,1271185
2019-03-04,5호선,11.0,44.70000076,0.0,1376807
2019-03-04,6호선,11.0,44.70000076,0.0,794785
2019-03-04,7호선,11.0,44.70000076,0.0,1657795
2019-03-04,8호선,11.0,44.70000076,0.0,441069
2019-03-05,1호선,9.199999809,64.09999847,0.0,573240
2019-03-05,2호선,9.199999809,64.09999847,0.0,3423868
2019-03-05,3호선,9.199999809,64.09999847,0.0,1234586
2019-03-05,4호선,9.199999809,64.09999847,0.0,1284105
2019-03-05,5호선,9.199999809,64.09999847,0.0,1391350
2019-03-05,6호선,9.199999809,64.09999847,0.0,807349
2019-03-05,7호선,9.199999809,64.09999847,0.0,1666686
2019-03-05,8호선,9.199999809,64.09999847,0.0,437572
2019-03-06,1호선,9.600000381000001,56.40000153,0.0,580491
2019-03-06,2호선,9.600000381000001,56.40000153,0.0,3492521
2019-03-06,3호선,9.600000381000001,56.40000153,0.0,1254983
2019-03-06,4호선,9.600000381000001,56.40000153,0.0,1315604
2019-03-06,5호선,9.600000381000001,56.40000153,0.0,1410738
2019-03-06,6호선,9.600000381000001,56.40000153,0.0,818593
2019-03-06,7호선,9.600000381000001,56.40000153,0.0,1676723
2019-03-06,8호선,9.600000381000001,56.40000153,0.0,442245
2019-03-07,1호선,8.5,54.09999847,0.0,613143
2019-03-07,2호선,8.5,54.09999847,0.0,3578732
2019-03-07,3호선,8.5,54.09999847,0.0,1304776
2019-03-07,4호선,8.5,54.09999847,0.0,1355116
2019-03-07,5호선,8.5,54.09999847,0.0,1432212
2019-03-07,6호선,8.5,54.09999847,0.0,840900
2019-03-07,7호선,8.5,54.09999847,0.0,1701104
2019-03-07,8호선,8.5,54.09999847,0.0,451161
2019-03-18,1호선,8.300000191,44.20000076,0.0,598541
2019-03-18,2호선,8.300000191,44.20000076,0.0,3461193
2019-03-18,3호선,8.300000191,44.20000076,0.0,1256927
2019-03-18,4호선,8.300000191,44.20000076,0.0,1312679
2019-03-18,5호선,8.300000191,44.20000076,0.0,1395503
2019-03-18,6호선,8.300000191,44.20000076,0.0,806476
2019-03-18,7호선,8.300000191,44.20000076,0.0,1665087
2019-03-18,8호선,8.300000191,44.20000076,0.0,440338
2019-03-19,1호선,10.80000019,50.09999847,0.0,607763
2019-03-19,2호선,10.80000019,50.09999847,0.0,3524076
2019-03-19,3호선,10.80000019,50.09999847,0.0,1288119
2019-03-19,4호선,10.80000019,50.09999847,0.0,1343249
2019-03-19,5호선,10.80000019,50.09999847,0.0,1432818
2019-03-19,6호선,10.80000019,50.09999847,0.0,828334
2019-03-19,7호선,10.80000019,50.09999847,0.0,1697244
2019-03-19,8호선,10.80000019,50.09999847,0.0,457121
2019-03-20,1호선,10.89999962,77.59999847,15.0,592136
2019-03-20,2호선,10.89999962,77.59999847,15.0,3488943
2019-03-20,3호선,10.89999962,77.59999847,15.0,1271318
2019-03-20,4호선,10.89999962,77.59999847,15.0,1321565
2019-03-20,5호선,10.89999962,77.59999847,15.0,1415996
2019-03-20,6호선,10.89999962,77.59999847,15.0,820534
2019-03-20,7호선,10.89999962,77.59999847,15.0,1669952
2019-03-20,8호선,10.89999962,77.59999847,15.0,444163
2019-03-21,1호선,9.100000381000001,77.09999847,3.0,612252
2019-03-21,2호선,9.100000381000001,77.09999847,3.0,3563602
2019-03-21,3호선,9.100000381000001,77.09999847,3.0,1295783
2019-03-21,4호선,9.100000381000001,77.09999847,3.0,1352772
2019-03-21,5호선,9.100000381000001,77.09999847,3.0,1425556
2019-03-21,6호선,9.100000381000001,77.09999847,3.0,830770
2019-03-21,7호선,9.100000381000001,77.09999847,3.0,1683842
2019-03-21,8호선,9.100000381000001,77.09999847,3.0,446190
2019-03-22,1호선,5.0,41.90000153,0.0,656055
2019-03-22,2호선,5.0,41.90000153,0.0,3764516
2019-03-22,3호선,5.0,41.90000153,0.0,1389598
2019-03-22,4호선,5.0,41.90000153,0.0,1408842
2019-03-22,5호선,5.0,41.90000153,0.0,1462010
2019-03-22,6호선,5.0,41.90000153,0.0,863299
2019-03-22,7호선,5.0,41.90000153,0.0,1719504
2019-03-22,8호선,5.0,41.90000153,0.0,463244
2019-03-23,1호선,4.8000001910000005,47.70000076,2.5,520222
2019-03-23,2호선,4.8000001910000005,47.70000076,2.5,2810110
2019-03-23,3호선,4.8000001910000005,47.70000076,2.5,1030398
2019-03-23,4호선,4.8000001910000005,47.70000076,2.5,1075238
2019-03-23,5호선,4.8000001910000005,47.70000076,2.5,968747
2019-03-23,6호선,4.8000001910000005,47.70000076,2.5,630430
2019-03-23,7호선,4.8000001910000005,47.70000076,2.5,1162599
2019-03-23,8호선,4.8000001910000005,47.70000076,2.5,317750
2019-03-24,1호선,5.599999905,44.59999847,0.0,375682
2019-03-24,2호선,5.599999905,44.59999847,0.0,2012242
2019-03-24,3호선,5.599999905,44.59999847,0.0,738576
2019-03-24,4호선,5.599999905,44.59999847,0.0,799686
2019-03-24,5호선,5.599999905,44.59999847,0.0,716383
2019-03-24,6호선,5.599999905,44.59999847,0.0,470017
2019-03-24,7호선,5.599999905,44.59999847,0.0,872094
2019-03-24,8호선,5.599999905,44.59999847,0.0,250066
2019-03-25,1호선,8.300000191,55.79999924,0.0,590289
2019-03-25,2호선,8.300000191,55.79999924,0.0,3430078
2019-03-25,3호선,8.300000191,55.79999924,0.0,1257640
2019-03-25,4호선,8.300000191,55.79999924,0.0,1302253
2019-03-25,5호선,8.300000191,55.79999924,0.0,1391059
2019-03-25,6호선,8.300000191,55.79999924,0.0,802295
2019-03-25,7호선,8.300000191,55.79999924,0.0,1663198
2019-03-25,8호선,8.300000191,55.79999924,0.0,439764
2019-03-26,1호선,12.19999981,48.5,0.0,612263
2019-03-26,2호선,12.19999981,48.5,0.0,3540437
2019-03-26,3호선,12.19999981,48.5,0.0,1289611
2019-03-26,4호선,12.19999981,48.5,0.0,1342864
2019-03-26,5호선,12.19999981,48.5,0.0,1428566
2019-03-26,6호선,12.19999981,48.5,0.0,919759
2019-03-26,7호선,12.19999981,48.5,0.0,1692036
2019-03-26,8호선,12.19999981,48.5,0.0,446431
2019-03-27,1호선,11.5,62.09999847,0.0,605639
2019-03-27,2호선,11.5,62.09999847,0.0,3559397
2019-03-27,3호선,11.5,62.09999847,0.0,1287236
2019-03-27,4호선,11.5,62.09999847,0.0,1348237
2019-03-27,5호선,11.5,62.09999847,0.0,1430752
2019-03-27,6호선,11.5,62.09999847,0.0,827436
2019-03-27,7호선,11.5,62.09999847,0.0,1694122
2019-03-27,8호선,11.5,62.09999847,0.0,447400
2019-04-18,1호선,14.5,69.5,0.0,599962
2019-04-18,2호선,14.5,69.5,0.0,3506797
2019-04-18,3호선,14.5,69.5,0.0,1279331
2019-04-18,4호선,14.5,69.5,0.0,1323988
2019-04-18,5호선,14.5,69.5,0.0,1374418
2019-04-18,6호선,14.5,69.5,0.0,813971
2019-04-18,7호선,14.5,69.5,0.0,1664305
2019-04-18,8호선,14.5,69.5,0.0,447177
2019-04-19,1호선,14.30000019,63.70000076,0.0,650993
2019-04-19,2호선,14.30000019,63.70000076,0.0,3641137
2019-04-19,3호선,14.30000019,63.70000076,0.0,1368369
2019-04-19,4호선,14.30000019,63.70000076,0.0,1379648
2019-04-19,5호선,14.30000019,63.70000076,0.0,1465731
2019-04-19,6호선,14.30000019,63.70000076,0.0,837439
2019-04-19,7호선,14.30000019,63.70000076,0.0,1697840
2019-04-19,8호선,14.30000019,63.70000076,0.0,465313
2019-04-20,1호선,15.10000038,63.0,0.0,571939
2019-04-20,2호선,15.10000038,63.0,0.0,2689809
2019-04-20,3호선,15.10000038,63.0,0.0,1079452
2019-04-20,4호선,15.10000038,63.0,0.0,1089674
2019-04-20,5호선,15.10000038,63.0,0.0,1054800
2019-04-20,6호선,15.10000038,63.0,0.0,634414
2019-04-20,7호선,15.10000038,63.0,0.0,1216404
2019-04-20,8호선,15.10000038,63.0,0.0,317888
2019-04-21,1호선,16.20000076,76.30000305,0.0,373889
2019-04-21,2호선,16.20000076,76.30000305,0.0,1863012
2019-04-21,3호선,16.20000076,76.30000305,0.0,720713
2019-04-21,4호선,16.20000076,76.30000305,0.0,765640
2019-04-21,5호선,16.20000076,76.30000305,0.0,709348
2019-04-21,6호선,16.20000076,76.30000305,0.0,460153
2019-04-21,7호선,16.20000076,76.30000305,0.0,875837
2019-04-21,8호선,16.20000076,76.30000305,0.0,233823
2019-04-22,1호선,19.89999962,54.5,0.0,596266
2019-04-22,2호선,19.89999962,54.5,0.0,3385192
2019-04-22,3호선,19.89999962,54.5,0.0,1252072
2019-04-22,4호선,19.89999962,54.5,0.0,1281944
2019-04-22,5호선,19.89999962,54.5,0.0,1394493
2019-04-22,6호선,19.89999962,54.5,0.0,787452
2019-04-22,7호선,19.89999962,54.5,0.0,1658793
2019-04-22,8호선,19.89999962,54.5,0.0,437656
2019-04-23,1호선,21.39999962,51.70000076,0.0,593720
2019-04-23,2호선,21.39999962,51.70000076,0.0,3426803
2019-04-23,3호선,21.39999962,51.70000076,0.0,1260340
2019-04-23,4호선,21.39999962,51.70000076,0.0,1298900
2019-04-23,5호선,21.39999962,51.70000076,0.0,1399078
2019-04-23,6호선,21.39999962,51.70000076,0.0,801084
2019-04-23,7호선,21.39999962,51.70000076,0.0,1659451
2019-04-23,8호선,21.39999962,51.70000076,0.0,439352
2019-04-24,1호선,20.20000076,70.19999695,7.5,599340
2019-04-24,2호선,20.20000076,70.19999695,7.5,3501010
2019-04-24,3호선,20.20000076,70.19999695,7.5,1277322
2019-04-24,4호선,20.20000076,70.19999695,7.5,1334043
2019-04-24,5호선,20.20000076,70.19999695,7.5,1425606
2019-04-24,6호선,20.20000076,70.19999695,7.5,811893
2019-04-24,7호선,20.20000076,70.19999695,7.5,1681311
2019-04-24,8호선,20.20000076,70.19999695,7.5,458242
2019-04-25,1호선,14.80000019,76.19999695,12.0,593527
2019-04-25,2호선,14.80000019,76.19999695,12.0,3501724
2019-04-25,3호선,14.80000019,76.19999695,12.0,1290424
2019-04-25,4호선,14.80000019,76.19999695,12.0,1315361
2019-04-25,5호선,14.80000019,76.19999695,12.0,1412107
2019-04-25,6호선,14.80000019,76.19999695,12.0,811040
2019-04-25,7호선,14.80000019,76.19999695,12.0,1659734
2019-04-25,8호선,14.80000019,76.19999695,12.0,449103
2019-04-26,1호선,9.899999618999999,79.30000305,4.0,635496
2019-04-26,2호선,9.899999618999999,79.30000305,4.0,3746999
2019-04-26,3호선,9.899999618999999,79.30000305,4.0,1377356
2019-04-26,4호선,9.899999618999999,79.30000305,4.0,1381083
2019-04-26,5호선,9.899999618999999,79.30000305,4.0,1444434
2019-04-26,6호선,9.899999618999999,79.30000305,4.0,842336
2019-04-26,7호선,9.899999618999999,79.30000305,4.0,1703760
2019-04-26,8호선,9.899999618999999,79.30000305,4.0,463422
2019-04-27,1호선,12.60000038,54.20000076,0.0,590540
2019-04-27,2호선,12.60000038,54.20000076,0.0,2940384
2019-04-27,3호선,12.60000038,54.20000076,0.0,1136421
2019-04-27,4호선,12.60000038,54.20000076,0.0,1163099
2019-04-27,5호선,12.60000038,54.20000076,0.0,1120892
2019-04-27,6호선,12.60000038,54.20000076,0.0,672047
2019-04-27,7호선,12.60000038,54.20000076,0.0,1296322
2019-04-27,8호선,12.60000038,54.20000076,0.0,341287
2019-04-28,1호선,14.0,51.09999847,0.0,387437
2019-04-28,2호선,14.0,51.09999847,0.0,2036003
2019-04-28,3호선,14.0,51.09999847,0.0,767455
2019-04-28,4호선,14.0,51.09999847,0.0,808910
2019-04-28,5호선,14.0,51.09999847,0.0,746814
2019-04-28,6호선,14.0,51.09999847,0.0,481863
2019-04-28,7호선,14.0,51.09999847,0.0,896073
2019-04-28,8호선,14.0,51.09999847,0.0,241687
2019-04-29,1호선,13.39999962,60.29999924,0.0,607303
2019-04-29,2호선,13.39999962,60.29999924,0.0,3485770
2019-04-29,3호선,13.39999962,60.29999924,0.0,1282302
2019-04-29,4호선,13.39999962,60.29999924,0.0,1338893
2019-04-29,5호선,13.39999962,60.29999924,0.0,1413225
2019-04-29,6호선,13.39999962,60.29999924,0.0,809491
2019-04-29,7호선,13.39999962,60.29999924,0.0,1674341
2019-04-29,8호선,13.39999962,60.29999924,0.0,449817
2019-04-30,1호선,16.0,57.79999924,0.0,638249
2019-04-30,2호선,16.0,57.79999924,0.0,3695561
2019-04-30,3호선,16.0,57.79999924,0.0,1342911
2019-04-30,4호선,16.0,57.79999924,0.0,1413614
2019-04-30,5호선,16.0,57.79999924,0.0,1484059
2019-04-30,6호선,16.0,57.79999924,0.0,856208
2019-04-30,7호선,16.0,57.79999924,0.0,1738826
2019-04-30,8호선,16.0,57.79999924,0.0,462791
2019-05-01,1호선,17.5,50.70000076,0.0,532193
2019-05-01,2호선,17.5,50.70000076,0.0,2640831
2019-05-01,3호선,17.5,50.70000076,0.0,1013431
2019-05-01,4호선,17.5,50.70000076,0.0,1158845
2019-05-01,5호선,17.5,50.70000076,0.0,1047470
2019-05-01,6호선,17.5,50.70000076,0.0,664392
2019-05-01,7호선,17.5,50.70000076,0.0,1225921
2019-05-01,8호선,17.5,50.70000076,0.0,336209
2019-05-02,1호선,18.39999962,35.79999924,0.0,633883
2019-05-02,2호선,18.39999962,35.79999924,0.0,3649771
2019-05-02,3호선,18.39999962,35.79999924,0.0,1328396
2019-05-02,4호선,18.39999962,35.79999924,0.0,1391796
2019-05-02,5호선,18.39999962,35.79999924,0.0,1463280
2019-05-02,6호선,18.39999962,35.79999924,0.0,844916
2019-05-02,7호선,18.39999962,35.79999924,0.0,1721139
2019-05-02,8호선,18.39999962,35.79999924,0.0,455597
2019-05-03,1호선,19.0,38.40000153,0.0,672521
2019-05-03,2호선,19.0,38.40000153,0.0,3870744
2019-05-03,3호선,19.0,38.40000153,0.0,1436513
2019-05-03,4호선,19.0,38.40000153,0.0,1445788
2019-05-03,5호선,19.0,38.40000153,0.0,1517230
2019-05-03,6호선,19.0,38.40000153,0.0,870293
2019-05-03,7호선,19.0,38.40000153,0.0,1761346
2019-05-03,8호선,19.0,38.40000153,0.0,474579
2019-05-04,1호선,20.70000076,41.0,0.0,634037
2019-05-04,2호선,20.70000076,41.0,0.0,2977525
2019-05-04,3호선,20.70000076,41.0,0.0,1111219
2019-05-04,4호선,20.70000076,41.0,0.0,1122747
2019-05-04,5호선,20.70000076,41.0,0.0,1065560
2019-05-04,6호선,20.70000076,41.0,0.0,635498
2019-05-04,7호선,20.70000076,41.0,0.0,1239003
2019-05-04,8호선,20.70000076,41.0,0.0,382455
2019-05-05,1호선,20.89999962,34.0,0.0,425616
2019-05-05,2호선,20.89999962,34.0,0.0,2085148
2019-05-05,3호선,20.89999962,34.0,0.0,774473
2019-05-05,4호선,20.89999962,34.0,0.0,839496
2019-05-05,5호선,20.89999962,34.0,0.0,792199
2019-05-05,6호선,20.89999962,34.0,0.0,498467
2019-05-05,7호선,20.89999962,34.0,0.0,934831
2019-05-05,8호선,20.89999962,34.0,0.0,246088
2019-05-06,1호선,15.69999981,30.0,0.0,417144
2019-05-06,2호선,15.69999981,30.0,0.0,2078503
2019-05-06,3호선,15.69999981,30.0,0.0,809847
2019-05-06,4호선,15.69999981,30.0,0.0,868940
2019-05-06,5호선,15.69999981,30.0,0.0,819749
2019-05-06,6호선,15.69999981,30.0,0.0,501447
2019-05-06,7호선,15.69999981,30.0,0.0,985811
2019-05-06,8호선,15.69999981,30.0,0.0,260282
2019-05-07,1호선,16.39999962,35.90000153,0.0,598536
2019-05-07,2호선,16.39999962,35.90000153,0.0,3492367
2019-05-07,3호선,16.39999962,35.90000153,0.0,1282200
2019-05-07,4호선,16.39999962,35.90000153,0.0,1329737
2019-05-07,5호선,16.39999962,35.90000153,0.0,1423597
2019-05-07,6호선,16.39999962,35.90000153,0.0,817536
2019-05-07,7호선,16.39999962,35.90000153,0.0,1711847
2019-05-07,8호선,16.39999962,35.90000153,0.0,450180
2019-05-08,1호선,17.10000038,42.0,0.0,590620
2019-05-08,2호선,17.10000038,42.0,0.0,3491649
2019-05-08,3호선,17.10000038,42.0,0.0,1283429
2019-05-08,4호선,17.10000038,42.0,0.0,1326794
2019-05-08,5호선,17.10000038,42.0,0.0,1448007
2019-05-08,6호선,17.10000038,42.0,0.0,829913
2019-05-08,7호선,17.10000038,42.0,0.0,1725230
2019-05-08,8호선,17.10000038,42.0,0.0,451346
2019-05-09,1호선,17.89999962,42.0,0.0,612845
2019-05-09,2호선,17.89999962,42.0,0.0,3599120
2019-05-09,3호선,17.89999962,42.0,0.0,1316265
2019-05-09,4호선,17.89999962,42.0,0.0,1365810
2019-05-09,5호선,17.89999962,42.0,0.0,1458154
2019-05-09,6호선,17.89999962,42.0,0.0,836908
2019-05-09,7호선,17.89999962,42.0,0.0,1730807
2019-05-09,8호선,17.89999962,42.0,0.0,458443
2019-05-10,1호선,19.10000038,41.20000076,0.0,650061
2019-05-10,2호선,19.10000038,41.20000076,0.0,3834050
2019-05-10,3호선,19.10000038,41.20000076,0.0,1407917
2019-05-10,4호선,19.10000038,41.20000076,0.0,1424130
2019-05-10,5호선,19.10000038,41.20000076,0.0,1517747
2019-05-10,6호선,19.10000038,41.20000076,0.0,866893
2019-05-10,7호선,19.10000038,41.20000076,0.0,1785802
2019-05-10,8호선,19.10000038,41.20000076,0.0,473547
2019-05-11,1호선,21.60000038,39.09999847,0.0,557258
2019-05-11,2호선,21.60000038,39.09999847,0.0,2901225
2019-05-11,3호선,21.60000038,39.09999847,0.0,1142770
2019-05-11,4호선,21.60000038,39.09999847,0.0,1141131
2019-05-11,5호선,21.60000038,39.09999847,0.0,1092785
2019-05-11,6호선,21.60000038,39.09999847,0.0,684764
2019-05-11,7호선,21.60000038,39.09999847,0.0,1266941
2019-05-11,8호선,21.60000038,39.09999847,0.0,338449
2019-05-12,1호선,22.5,40.59999847,0.0,399463
2019-05-12,2호선,22.5,40.59999847,0.0,2053297
2019-05-12,3호선,22.5,40.59999847,0.0,815464
2019-05-12,4호선,22.5,40.59999847,0.0,833475
2019-05-12,5호선,22.5,40.59999847,0.0,773256
2019-05-12,6호선,22.5,40.59999847,0.0,479271
2019-05-12,7호선,22.5,40.59999847,0.0,947759
2019-05-12,8호선,22.5,40.59999847,0.0,251098
2019-05-13,1호선,20.10000038,46.5,0.0,587164
2019-05-13,2호선,20.10000038,46.5,0.0,3417476
2019-05-13,3호선,20.10000038,46.5,0.0,1256198
2019-05-13,4호선,20.10000038,46.5,0.0,1293094
2019-05-13,5호선,20.10000038,46.5,0.0,1398201
2019-05-13,6호선,20.10000038,46.5,0.0,798339
2019-05-13,7호선,20.10000038,46.5,0.0,1673635
2019-05-13,8호선,20.10000038,46.5,0.0,441623
2019-05-14,1호선,21.0,48.0,0.0,607341
2019-05-14,2호선,21.0,48.0,0.0,3552856
2019-05-14,3호선,21.0,48.0,0.0,1295372
2019-05-14,4호선,21.0,48.0,0.0,1349843
2019-05-14,5호선,21.0,48.0,0.0,1444314
2019-05-14,6호선,21.0,48.0,0.0,836611
2019-05-14,7호선,21.0,48.0,0.0,1720126
2019-05-14,8호선,21.0,48.0,0.0,463660
2019-05-15,1호선,21.89999962,50.40000153,0.0,614900
2019-05-15,2호선,21.89999962,50.40000153,0.0,3652506
2019-05-15,3호선,21.89999962,50.40000153,0.0,1331185
2019-05-15,4호선,21.89999962,50.40000153,0.0,1381827
2019-05-15,5호선,21.89999962,50.40000153,0.0,1513259
2019-05-15,6호선,21.89999962,50.40000153,0.0,858833
2019-05-15,7호선,21.89999962,50.40000153,0.0,1755726
2019-05-15,8호선,21.89999962,50.40000153,0.0,476922
2019-05-16,1호선,24.20000076,47.90000153,0.0,610849
2019-05-16,2호선,24.20000076,47.90000153,0.0,3648611
2019-05-16,3호선,24.20000076,47.90000153,0.0,1306434
2019-05-16,4호선,24.20000076,47.90000153,0.0,1353143
2019-05-16,5호선,24.20000076,47.90000153,0.0,1441647
2019-05-16,6호선,24.20000076,47.90000153,0.0,845798
2019-05-16,7호선,24.20000076,47.90000153,0.0,1718543
2019-05-16,8호선,24.20000076,47.90000153,0.0,452067
2019-05-17,1호선,24.29999924,49.29999924,0.0,639577
2019-05-17,2호선,24.29999924,49.29999924,0.0,3770121
2019-05-17,3호선,24.29999924,49.29999924,0.0,1389687
2019-05-17,4호선,24.29999924,49.29999924,0.0,1410820
2019-05-17,5호선,24.29999924,49.29999924,0.0,1477444
2019-05-17,6호선,24.29999924,49.29999924,0.0,866174
2019-05-17,7호선,24.29999924,49.29999924,0.0,1745626
2019-05-17,8호선,24.29999924,49.29999924,0.0,469222
2019-05-18,1호선,23.0,51.5,0.0,551775
2019-05-18,2호선,23.0,51.5,0.0,2855677
2019-05-18,3호선,23.0,51.5,0.0,1096316
2019-05-18,4호선,23.0,51.5,0.0,1124405
2019-05-18,5호선,23.0,51.5,0.0,1069037
2019-05-18,6호선,23.0,51.5,0.0,724184
2019-05-18,7호선,23.0,51.5,0.0,1250011
2019-05-18,8호선,23.0,51.5,0.0,328143
2019-05-19,1호선,20.39999962,83.0,11.0,324940
2019-05-19,2호선,20.39999962,83.0,11.0,1868361
2019-05-19,3호선,20.39999962,83.0,11.0,695534
2019-05-19,4호선,20.39999962,83.0,11.0,737766
2019-05-19,5호선,20.39999962,83.0,11.0,660300
2019-05-19,6호선,20.39999962,83.0,11.0,443469
2019-05-19,7호선,20.39999962,83.0,11.0,815555
2019-05-19,8호선,20.39999962,83.0,11.0,237738
2019-05-20,1호선,18.0,61.09999847,1.5,598306
2019-05-20,2호선,18.0,61.09999847,1.5,3438661
2019-05-20,3호선,18.0,61.09999847,1.5,1258971
2019-05-20,4호선,18.0,61.09999847,1.5,1302389
2019-05-20,5호선,18.0,61.09999847,1.5,1404821
2019-05-20,6호선,18.0,61.09999847,1.5,805288
2019-05-20,7호선,18.0,61.09999847,1.5,1678430
2019-05-20,8호선,18.0,61.09999847,1.5,442998
2019-05-21,1호선,18.20000076,50.70000076,0.0,610254
2019-05-21,2호선,18.20000076,50.70000076,0.0,3541525
2019-05-21,3호선,18.20000076,50.70000076,0.0,1294366
2019-05-21,4호선,18.20000076,50.70000076,0.0,1341152
2019-05-21,5호선,18.20000076,50.70000076,0.0,1433658
2019-05-21,6호선,18.20000076,50.70000076,0.0,835818
2019-05-21,7호선,18.20000076,50.70000076,0.0,1713243
2019-05-21,8호선,18.20000076,50.70000076,0.0,451981
2019-05-22,1호선,21.10000038,43.90000153,0.0,607288
2019-05-22,2호선,21.10000038,43.90000153,0.0,3558344
2019-05-22,3호선,21.10000038,43.90000153,0.0,1305289
2019-05-22,4호선,21.10000038,43.90000153,0.0,1348946
2019-05-22,5호선,21.10000038,43.90000153,0.0,1445939
2019-05-22,6호선,21.10000038,43.90000153,0.0,845314
2019-05-22,7호선,21.10000038,43.90000153,0.0,1711840
2019-05-22,8호선,21.10000038,43.90000153,0.0,451798
2019-05-23,1호선,23.10000038,42.20000076,0.0,612878
2019-05-23,2호선,23.10000038,42.20000076,0.0,3575518
2019-05-23,3호선,23.10000038,42.20000076,0.0,1309708
2019-05-23,4호선,23.10000038,42.20000076,0.0,1352271
2019-05-23,5호선,23.10000038,42.20000076,0.0,1439801
2019-05-23,6호선,23.10000038,42.20000076,0.0,839798
2019-05-23,7호선,23.10000038,42.20000076,0.0,1714380
2019-05-23,8호선,23.10000038,42.20000076,0.0,453031
2019-05-24,1호선,25.39999962,47.70000076,0.0,647153
2019-05-24,2호선,25.39999962,47.70000076,0.0,3790520
2019-05-24,3호선,25.39999962,47.70000076,0.0,1390043
2019-05-24,4호선,25.39999962,47.70000076,0.0,1405701
2019-05-24,5호선,25.39999962,47.70000076,0.0,1484115
2019-05-24,6호선,25.39999962,47.70000076,0.0,875953
2019-05-24,7호선,25.39999962,47.70000076,0.0,1774189
2019-05-24,8호선,25.39999962,47.70000076,0.0,474927
2019-05-25,1호선,24.89999962,45.79999924,0.0,558966
2019-05-25,2호선,24.89999962,45.79999924,0.0,2889905
2019-05-25,3호선,24.89999962,45.79999924,0.0,1102453
2019-05-25,4호선,24.89999962,45.79999924,0.0,1115841
2019-05-25,5호선,24.89999962,45.79999924,0.0,1076150
2019-05-25,6호선,24.89999962,45.79999924,0.0,698543
2019-05-25,7호선,24.89999962,45.79999924,0.0,1305610
2019-05-25,8호선,24.89999962,45.79999924,0.0,350355
2019-05-26,1호선,25.20000076,41.40000153,0.0,376394
2019-05-26,2호선,25.20000076,41.40000153,0.0,2076406
2019-05-26,3호선,25.20000076,41.40000153,0.0,759423
2019-05-26,4호선,25.20000076,41.40000153,0.0,822507
2019-05-26,5호선,25.20000076,41.40000153,0.0,758294
2019-05-26,6호선,25.20000076,41.40000153,0.0,510170
2019-05-26,7호선,25.20000076,41.40000153,0.0,975665
2019-05-26,8호선,25.20000076,41.40000153,0.0,250359
2019-05-27,1호선,19.39999962,78.19999695,5.0,551547
2019-05-27,2호선,19.39999962,78.19999695,5.0,3301585
2019-05-27,3호선,19.39999962,78.19999695,5.0,1200884
2019-05-27,4호선,19.39999962,78.19999695,5.0,1235377
2019-05-27,5호선,19.39999962,78.19999695,5.0,1338078
2019-05-27,6호선,19.39999962,78.19999695,5.0,767208
2019-05-27,7호선,19.39999962,78.19999695,5.0,1607877
2019-05-27,8호선,19.39999962,78.19999695,5.0,423989
2019-05-28,1호선,19.70000076,42.20000076,0.0,607709
2019-05-28,2호선,19.70000076,42.20000076,0.0,3526372
2019-05-28,3호선,19.70000076,42.20000076,0.0,1286609
2019-05-28,4호선,19.70000076,42.20000076,0.0,1337025
2019-05-28,5호선,19.70000076,42.20000076,0.0,1438870
2019-05-28,6호선,19.70000076,42.20000076,0.0,838853
2019-05-28,7호선,19.70000076,42.20000076,0.0,1711361
2019-05-28,8호선,19.70000076,42.20000076,0.0,449968
2019-05-29,1호선,21.39999962,45.90000153,0.0,602464
2019-05-29,2호선,21.39999962,45.90000153,0.0,3555267
2019-05-29,3호선,21.39999962,45.90000153,0.0,1287461
2019-05-29,4호선,21.39999962,45.90000153,0.0,1334669
2019-05-29,5호선,21.39999962,45.90000153,0.0,1441064
2019-05-29,6호선,21.39999962,45.90000153,0.0,829718
2019-05-29,7호선,21.39999962,45.90000153,0.0,1699905
2019-05-29,8호선,21.39999962,45.90000153,0.0,457647
2019-05-30,1호선,21.29999924,46.0,0.0,599643
2019-05-30,2호선,21.29999924,46.0,0.0,3539301
2019-05-30,3호선,21.29999924,46.0,0.0,1291473
2019-05-30,4호선,21.29999924,46.0,0.0,1341270
2019-05-30,5호선,21.29999924,46.0,0.0,1423725
2019-05-30,6호선,21.29999924,46.0,0.0,824117
2019-05-30,7호선,21.29999924,46.0,0.0,1693955
2019-05-30,8호선,21.29999924,46.0,0.0,450247
2019-05-31,1호선,20.39999962,47.59999847,0.0,638334
2019-05-31,2호선,20.39999962,47.59999847,0.0,3693779
2019-05-31,3호선,20.39999962,47.59999847,0.0,1364189
2019-05-31,4호선,20.39999962,47.59999847,0.0,1393228
2019-05-31,5호선,20.39999962,47.59999847,0.0,1448357
2019-05-31,6호선,20.39999962,47.59999847,0.0,812545
2019-05-31,7호선,20.39999962,47.59999847,0.0,1724992
2019-05-31,8호선,20.39999962,47.59999847,0.0,461278
2019-06-01,1호선,19.79999924,58.79999924,0.0,574683
2019-06-01,2호선,19.79999924,58.79999924,0.0,2787458
2019-06-01,3호선,19.79999924,58.79999924,0.0,1056892
2019-06-01,4호선,19.79999924,58.79999924,0.0,1119846
2019-06-01,5호선,19.79999924,58.79999924,0.0,1028970
2019-06-01,6호선,19.79999924,58.79999924,0.0,642268
2019-06-01,7호선,19.79999924,58.79999924,0.0,1223196
2019-06-01,8호선,19.79999924,58.79999924,0.0,327155
2019-06-02,1호선,18.89999962,63.5,0.0,365422
2019-06-02,2호선,18.89999962,63.5,0.0,1927025
2019-06-02,3호선,18.89999962,63.5,0.0,719818
2019-06-02,4호선,18.89999962,63.5,0.0,787601
2019-06-02,5호선,18.89999962,63.5,0.0,718875
2019-06-02,6호선,18.89999962,63.5,0.0,466354
2019-06-02,7호선,18.89999962,63.5,0.0,897086
2019-06-02,8호선,18.89999962,63.5,0.0,243603
2019-06-03,1호선,24.10000038,41.79999924,0.0,584270
2019-06-03,2호선,24.10000038,41.79999924,0.0,3391123
2019-06-03,3호선,24.10000038,41.79999924,0.0,1248883
2019-06-03,4호선,24.10000038,41.79999924,0.0,1285278
2019-06-03,5호선,24.10000038,41.79999924,0.0,1385590
2019-06-03,6호선,24.10000038,41.79999924,0.0,794308
2019-06-03,7호선,24.10000038,41.79999924,0.0,1665022
2019-06-03,8호선,24.10000038,41.79999924,0.0,439651
2019-06-04,1호선,24.39999962,51.09999847,0.0,591974
2019-06-04,2호선,24.39999962,51.09999847,0.0,3483334
2019-06-04,3호선,24.39999962,51.09999847,0.0,1272043
2019-06-04,4호선,24.39999962,51.09999847,0.0,1316425
2019-06-04,5호선,24.39999962,51.09999847,0.0,1415518
2019-06-04,6호선,24.39999962,51.09999847,0.0,811859
2019-06-04,7호선,24.39999962,51.09999847,0.0,1695367
2019-06-04,8호선,24.39999962,51.09999847,0.0,452802
2019-06-05,1호선,24.10000038,63.29999924,0.0,625105
2019-06-05,2호선,24.10000038,63.29999924,0.0,3643331
2019-06-05,3호선,24.10000038,63.29999924,0.0,1335161
2019-06-05,4호선,24.10000038,63.29999924,0.0,1372145
2019-06-05,5호선,24.10000038,63.29999924,0.0,1460008
2019-06-05,6호선,24.10000038,63.29999924,0.0,854357
2019-06-05,7호선,24.10000038,63.29999924,0.0,1725048
2019-06-05,8호선,24.10000038,63.29999924,0.0,457771
2019-06-06,1호선,22.5,72.80000305,5.5,420745
2019-06-06,2호선,22.5,72.80000305,5.5,2061583
2019-06-06,3호선,22.5,72.80000305,5.5,761332
2019-06-06,4호선,22.5,72.80000305,5.5,934095
2019-06-06,5호선,22.5,72.80000305,5.5,757214
2019-06-06,6호선,22.5,72.80000305,5.5,500797
2019-06-06,7호선,22.5,72.80000305,5.5,910282
2019-06-06,8호선,22.5,72.80000305,5.5,259104
2019-06-07,1호선,20.39999962,78.09999847,33.5,569953
2019-06-07,2호선,20.39999962,78.09999847,33.5,3285751
2019-06-07,3호선,20.39999962,78.09999847,33.5,1183179
2019-06-07,4호선,20.39999962,78.09999847,33.5,1249495
2019-06-07,5호선,20.39999962,78.09999847,33.5,1263062
2019-06-07,6호선,20.39999962,78.09999847,33.5,752790
2019-06-07,7호선,20.39999962,78.09999847,33.5,1498495
2019-06-07,8호선,20.39999962,78.09999847,33.5,404526
2019-06-08,1호선,22.79999924,60.09999847,0.0,521256
2019-06-08,2호선,22.79999924,60.09999847,0.0,2623645
2019-06-08,3호선,22.79999924,60.09999847,0.0,1004193
2019-06-08,4호선,22.79999924,60.09999847,0.0,1057736
2019-06-08,5호선,22.79999924,60.09999847,0.0,971013
2019-06-08,6호선,22.79999924,60.09999847,0.0,599710
2019-06-08,7호선,22.79999924,60.09999847,0.0,1153574
2019-06-08,8호선,22.79999924,60.09999847,0.0,311885
2019-06-09,1호선,23.20000076,61.90000153,0.0,337066
2019-06-09,2호선,23.20000076,61.90000153,0.0,1780850
2019-06-09,3호선,23.20000076,61.90000153,0.0,680997
2019-06-09,4호선,23.20000076,61.90000153,0.0,733207
2019-06-09,5호선,23.20000076,61.90000153,0.0,648903
2019-06-09,6호선,23.20000076,61.90000153,0.0,420966
2019-06-09,7호선,23.20000076,61.90000153,0.0,818311
2019-06-09,8호선,23.20000076,61.90000153,0.0,229295
2019-06-10,1호선,19.20000076,72.59999847,3.5,573918
2019-06-10,2호선,19.20000076,72.59999847,3.5,3331825
2019-06-10,3호선,19.20000076,72.59999847,3.5,1231997
2019-06-10,4호선,19.20000076,72.59999847,3.5,1256941
2019-06-10,5호선,19.20000076,72.59999847,3.5,1362493
2019-06-10,6호선,19.20000076,72.59999847,3.5,777927
2019-06-10,7호선,19.20000076,72.59999847,3.5,1628715
2019-06-10,8호선,19.20000076,72.59999847,3.5,432523
2019-06-11,1호선,21.29999924,50.70000076,0.0,593524
2019-06-11,2호선,21.29999924,50.70000076,0.0,3459727
2019-06-11,3호선,21.29999924,50.70000076,0.0,1270056
2019-06-11,4호선,21.29999924,50.70000076,0.0,1302320
2019-06-11,5호선,21.29999924,50.70000076,0.0,1411947
2019-06-11,6호선,21.29999924,50.70000076,0.0,879364
2019-06-11,7호선,21.29999924,50.70000076,0.0,1670813
2019-06-11,8호선,21.29999924,50.70000076,0.0,444685
2019-06-12,1호선,22.79999924,58.5,0.0,589511
2019-06-12,2호선,22.79999924,58.5,0.0,3484335
2019-06-12,3호선,22.79999924,58.5,0.0,1277783
2019-06-12,4호선,22.79999924,58.5,0.0,1315329
2019-06-12,5호선,22.79999924,58.5,0.0,1424279
2019-06-12,6호선,22.79999924,58.5,0.0,810853
2019-06-12,7호선,22.79999924,58.5,0.0,1670569
2019-06-12,8호선,22.79999924,58.5,0.0,448028
2019-06-13,1호선,24.29999924,51.59999847,0.0,603457
2019-06-13,2호선,24.29999924,51.59999847,0.0,3515494
2019-06-13,3호선,24.29999924,51.59999847,0.0,1293410
2019-06-13,4호선,24.29999924,51.59999847,0.0,1328162
2019-06-13,5호선,24.29999924,51.59999847,0.0,1416363
2019-06-13,6호선,24.29999924,51.59999847,0.0,815059
2019-06-13,7호선,24.29999924,51.59999847,0.0,1672793
2019-06-13,8호선,24.29999924,51.59999847,0.0,445610
2019-06-14,1호선,24.20000076,53.5,0.0,631091
2019-06-14,2호선,24.20000076,53.5,0.0,3645052
2019-06-14,3호선,24.20000076,53.5,0.0,1358752
2019-06-14,4호선,24.20000076,53.5,0.0,1356220
2019-06-14,5호선,24.20000076,53.5,0.0,1439684
2019-06-14,6호선,24.20000076,53.5,0.0,828749
2019-06-14,7호선,24.20000076,53.5,0.0,1686205
2019-06-14,8호선,24.20000076,53.5,0.0,460807
2019-06-15,1호선,23.10000038,62.70000076,1.5,528138
2019-06-15,2호선,23.10000038,62.70000076,1.5,2716325
2019-06-15,3호선,23.10000038,62.70000076,1.5,1042415
2019-06-15,4호선,23.10000038,62.70000076,1.5,1083514
2019-06-15,5호선,23.10000038,62.70000076,1.5,1008578
2019-06-15,6호선,23.10000038,62.70000076,1.5,640585
2019-06-15,7호선,23.10000038,62.70000076,1.5,1204218
2019-06-15,8호선,23.10000038,62.70000076,1.5,322077
2019-06-16,1호선,22.70000076,64.0,0.0,352169
2019-06-16,2호선,22.70000076,64.0,0.0,1869029
2019-06-16,3호선,22.70000076,64.0,0.0,701972
2019-06-16,4호선,22.70000076,64.0,0.0,755077
2019-06-16,5호선,22.70000076,64.0,0.0,702256
2019-06-16,6호선,22.70000076,64.0,0.0,470631
2019-06-16,7호선,22.70000076,64.0,0.0,847314
2019-06-16,8호선,22.70000076,64.0,0.0,236309
2019-06-17,1호선,22.70000076,57.29999924,0.0,585514
2019-06-17,2호선,22.70000076,57.29999924,0.0,3362353
2019-06-17,3호선,22.70000076,57.29999924,0.0,1239281
2019-06-17,4호선,22.70000076,57.29999924,0.0,1278105
2019-06-17,5호선,22.70000076,57.29999924,0.0,1377076
2019-06-17,6호선,22.70000076,57.29999924,0.0,777396
2019-06-17,7호선,22.70000076,57.29999924,0.0,1633437
2019-06-17,8호선,22.70000076,57.29999924,0.0,429936
2019-06-18,1호선,21.5,74.5,9.5,580655
2019-06-18,2호선,21.5,74.5,9.5,3436206
2019-06-18,3호선,21.5,74.5,9.5,1246490
2019-06-18,4호선,21.5,74.5,9.5,1269011
2019-06-18,5호선,21.5,74.5,9.5,1382699
2019-06-18,6호선,21.5,74.5,9.5,782749
2019-06-18,7호선,21.5,74.5,9.5,1631325
2019-06-18,8호선,21.5,74.5,9.5,432240
2019-06-19,1호선,22.60000038,74.80000305,0.0,590082
2019-06-19,2호선,22.60000038,74.80000305,0.0,3494999
2019-06-19,3호선,22.60000038,74.80000305,0.0,1268453
2019-06-19,4호선,22.60000038,74.80000305,0.0,1295443
2019-06-19,5호선,22.60000038,74.80000305,0.0,1410786
2019-06-19,6호선,22.60000038,74.80000305,0.0,795146
2019-06-19,7호선,22.60000038,74.80000305,0.0,1643800
2019-06-19,8호선,22.60000038,74.80000305,0.0,445585
2019-06-20,1호선,24.0,68.0,0.0,616577
2019-06-20,2호선,24.0,68.0,0.0,3589585
2019-06-20,3호선,24.0,68.0,0.0,1295236
2019-06-20,4호선,24.0,68.0,0.0,1332346
2019-06-20,5호선,24.0,68.0,0.0,1426785
2019-06-20,6호선,24.0,68.0,0.0,813863
2019-06-20,7호선,24.0,68.0,0.0,1667303
2019-06-20,8호선,24.0,68.0,0.0,443965
2019-06-21,1호선,23.20000076,70.19999695,0.0,636635
2019-06-21,2호선,23.20000076,70.19999695,0.0,3724915
2019-06-21,3호선,23.20000076,70.19999695,0.0,1358369
2019-06-21,4호선,23.20000076,70.19999695,0.0,1355133
2019-06-21,5호선,23.20000076,70.19999695,0.0,1434090
2019-06-21,6호선,23.20000076,70.19999695,0.0,830501
2019-06-21,7호선,23.20000076,70.19999695,0.0,1677206
2019-06-21,8호선,23.20000076,70.19999695,0.0,450841
2019-06-22,1호선,24.60000038,47.09999847,0.0,529058
2019-06-22,2호선,24.60000038,47.09999847,0.0,2845276
2019-06-22,3호선,24.60000038,47.09999847,0.0,1049390
2019-06-22,4호선,24.60000038,47.09999847,0.0,1094327
2019-06-22,5호선,24.60000038,47.09999847,0.0,1042193
2019-06-22,6호선,24.60000038,47.09999847,0.0,637979
2019-06-22,7호선,24.60000038,47.09999847,0.0,1203941
2019-06-22,8호선,24.60000038,47.09999847,0.0,326032
2019-06-23,1호선,25.60000038,44.09999847,0.0,362113
2019-06-23,2호선,25.60000038,44.09999847,0.0,1975796
2019-06-23,3호선,25.60000038,44.09999847,0.0,721029
2019-06-23,4호선,25.60000038,44.09999847,0.0,777248
2019-06-23,5호선,25.60000038,44.09999847,0.0,726703
2019-06-23,6호선,25.60000038,44.09999847,0.0,452722
2019-06-23,7호선,25.60000038,44.09999847,0.0,871152
2019-06-23,8호선,25.60000038,44.09999847,0.0,238285
2019-06-24,1호선,26.20000076,48.29999924,0.0,586559
2019-06-24,2호선,26.20000076,48.29999924,0.0,3442790
2019-06-24,3호선,26.20000076,48.29999924,0.0,1251170
2019-06-24,4호선,26.20000076,48.29999924,0.0,1246978
2019-06-24,5호선,26.20000076,48.29999924,0.0,1380581
2019-06-24,6호선,26.20000076,48.29999924,0.0,764372
2019-06-24,7호선,26.20000076,48.29999924,0.0,1605286
2019-06-24,8호선,26.20000076,48.29999924,0.0,432714
2019-06-25,1호선,26.79999924,49.09999847,0.0,603563
2019-06-25,2호선,26.79999924,49.09999847,0.0,3518015
2019-06-25,3호선,26.79999924,49.09999847,0.0,1288624
2019-06-25,4호선,26.79999924,49.09999847,0.0,1282452
2019-06-25,5호선,26.79999924,49.09999847,0.0,1413579
2019-06-25,6호선,26.79999924,49.09999847,0.0,788162
2019-06-25,7호선,26.79999924,49.09999847,0.0,1624198
2019-06-25,8호선,26.79999924,49.09999847,0.0,434796
2019-06-26,1호선,25.79999924,57.90000153,0.0,603870
2019-06-26,2호선,25.79999924,57.90000153,0.0,3524349
2019-06-26,3호선,25.79999924,57.90000153,0.0,1280577
2019-06-26,4호선,25.79999924,57.90000153,0.0,1279640
2019-06-26,5호선,25.79999924,57.90000153,0.0,1411602
2019-06-26,6호선,25.79999924,57.90000153,0.0,786947
2019-06-26,7호선,25.79999924,57.90000153,0.0,1615661
2019-06-26,8호선,25.79999924,57.90000153,0.0,436240
2019-06-27,1호선,26.29999924,72.19999695,0.0,598886
2019-06-27,2호선,26.29999924,72.19999695,0.0,3500378
2019-06-27,3호선,26.29999924,72.19999695,0.0,1259758
2019-06-27,4호선,26.29999924,72.19999695,0.0,1270962
2019-06-27,5호선,26.29999924,72.19999695,0.0,1391940
2019-06-27,6호선,26.29999924,72.19999695,0.0,780576
2019-06-27,7호선,26.29999924,72.19999695,0.0,1596227
2019-06-27,8호선,26.29999924,72.19999695,0.0,428485
2019-06-28,1호선,26.10000038,67.09999847,0.0,634821
2019-06-28,2호선,26.10000038,67.09999847,0.0,3662719
2019-06-28,3호선,26.10000038,67.09999847,0.0,1344687
2019-06-28,4호선,26.10000038,67.09999847,0.0,1330358
2019-06-28,5호선,26.10000038,67.09999847,0.0,1430882
2019-06-28,6호선,26.10000038,67.09999847,0.0,813025
2019-06-28,7호선,26.10000038,67.09999847,0.0,1645872
2019-06-28,8호선,26.10000038,67.09999847,0.0,442157
2019-06-29,1호선,23.5,72.40000153,1.5,508938
2019-06-29,2호선,23.5,72.40000153,1.5,2635779
2019-06-29,3호선,23.5,72.40000153,1.5,978159
2019-06-29,4호선,23.5,72.40000153,1.5,1022174
2019-06-29,5호선,23.5,72.40000153,1.5,940232
2019-06-29,6호선,23.5,72.40000153,1.5,592938
2019-06-29,7호선,23.5,72.40000153,1.5,1105809
2019-06-29,8호선,23.5,72.40000153,1.5,312111
2019-06-30,1호선,24.79999924,73.40000153,0.0,352372
2019-06-30,2호선,24.79999924,73.40000153,0.0,1890948
2019-06-30,3호선,24.79999924,73.40000153,0.0,700351
2019-06-30,4호선,24.79999924,73.40000153,0.0,750471
2019-06-30,5호선,24.79999924,73.40000153,0.0,686507
2019-06-30,6호선,24.79999924,73.40000153,0.0,463279
2019-06-30,7호선,24.79999924,73.40000153,0.0,840765
2019-06-30,8호선,24.79999924,73.40000153,0.0,229697
